node,pos_00,pos_01,inflow_00,inflow_01,inflow_02,inflow_03,inflow_05,inflow_06,inflow_07,inflow_08,inflow_09,inflow_10,inflow_11,inflow_12,inflow_13,inflow_15,inflow_18
1,754197,7517145,0,4791103,0,0,0,0,0,0,0,0,0,0,0,0,0
2,712244,7543901,0,0,0,250716,0,0,0,0,0,0,-180947,-65819,-390413,454960,14007724
3,704657,7550344,343029,0,0,-129,0,0,58539,0,0,0,-1249983,0,-1124,130937,-17449277
4,701000,7558605,0,0,0,-192193,-2206805,-3876221,-114863,128822,0,-48772,-1388957,-40148,-1546263,0,-20994236
5,698501,7566979,-396789,0,1713624841,213110,0,-783850,-37369,110169,0,0,0,40691,618658,0,12572227
6,694806,7574553,6425825,0,-1713624841,0,0,-819922,-21693,131480,0,-49169,0,61511,486341,-31154,-12297490
7,686052,7577504,0,0,0,296,0,0,0,0,0,0,-380053,-16511,1043875,0,0
8,677558,7580915,0,-113957948,0,0,0,0,0,0,0,0,-422359,0,-648591,0,0
9,667539,7586705,0,17242155,0,0,0,3455006,-16708,0,0,109546,-373660,12854,-520877,-543937,3957590
10,657629,7586635,0,20031337,0,-203281,0,794725,0,0,0,0,-857536,0,607167,0,0
11,655634,7587481,0,12682923,0,0,0,-779008,-50664,-310924,0,-27208,858506,-18714,0,-351065,0
12,651311,7592925,0,0,0,0,-4687403,0,-24282,146474,-18868133,-25083,-8984,0,402543,0,-49585
13,643704,7594479,0,0,0,0,0,221293,0,0,0,279756,0,104336,327717,0,0
14,636389,7593784,56546,19009112,0,0,0,0,0,250627,0,0,-1637855,0,0,-859115,0
15,633605,7594293,-10369,19999464,0,254419,-1387028,0,-95302,-192020,0,0,0,0,0,-335699,-5559416
16,716576,7537734,2282646,15664941,0,744727,0,3862139,0,0,8636870,-25181,-528230,0,546195,0,0
17,719175,7535887,-4980915,-434583,0,-654625,12225391,-1471994,-53095,-259988,0,-39522,0,77130,409081,0,0
18,718373,7537363,3268256,9966428,0,0,-1805564,362530,0,-776536,1012082,-51890,12292,100884,626974,0,-219387
19,720832,7528917,0,-31370845,0,206952,-4877415,0,-38766,0,5961576,-36695,0,-67935,278325,0,0
20,735348,7461139,-15778825,741116,0,155703,-11492140,0,1175515,0,2596640,0,-1612998,0,475730,0,0
21,725813,7469537,0,-470401,0,0,0,4605056,1166035,132536,669106,-31982,464537,0,-387467,0,0
22,722119,7476760,12424578,-3153206,0,0,-2954,1034145,0,378021,0,0,1317410,-141150,1236861,958505,6681427
23,718567,7485657,-8976313,1099390,0,442733,-6016953,1465969,-105918,0,0,95608,-1620828,101936,0,-826337,3948895
24,717148,7498205,19915795,0,134814777,-99,-5643363,0,-1380368,63130,0,-54950,838463,0,0,-1064087,0
25,717342,7500820,9999316,-599677,0,0,11445846,6095725,-2963092,115995,0,0,446714,0,1380906,-14815,6311065
26,720817,7506749,0,0,0,0,0,3126540,0,440036,0,-35607,-3163924,105013,447218,0,0
27,722137,7510547,0,-2963290,50722705,-757143,-5189468,2409748,0,-211376,2527596,0,0,103076,-194543,0,0
28,719877,7516356,-32737566,-611220,-125096763,-31900,-1442379,0,0,200432,0,-29328,0,-180702,-1173000,118869,0
29,719953,7523307,0,566330,0,-396714,-3178494,1807842,-22014,302734,0,-109236,-1733166,106559,1251418,-206535,10417574
30,718979,7530000,0,-17778801,-20973745,86736,0,-3166768,0,0,-3108814,0,629461,-115201,1083102,0,8984890
31,744773,7457377,0,15854413,-13115929,361055,-8725078,0,3085409,0,915854,0,3146976,80438,-609728,0,-16818411
32,747747,7463661,0,-23882589,0,0,0,0,0,0,0,0,0,0,0,0,0
33,729627,7526670,0,5586018,0,0,0,0,0,0,0,0,0,0,0,0,0
34,751589,7517503,0,36197257,0,0,0,0,0,0,0,0,0,0,0,0,0
35,750449,7451255,0,0,0,0,-7079107,0,0,0,6861259,0,0,0,1085369,0,4100449
36,804218,7325347,0,-5768437,0,-1527452,6545967,-4545022,0,189050,18168448,0,-539213,-130252,-455338,-485582,3976490
37,799382,7333226,0,6281586,0,1882313,0,0,0,-628776,11927024,-126133,0,96617,0,0,-18069440
38,789703,7341863,3681923,-6720800,0,490870,0,-2632228,0,99666,0,-39337,422368,132241,0,0,29181297
39,784942,7348411,9192874,-6357582,-163001016,-483392,0,0,0,0,8840365,0,0,-225628,0,-1535416,0
40,778469,7355495,0,3699892,0,0,-16507993,0,6245420,94766,0,0,-716240,-215587,-1075911,0,-11084231
41,774653,7364056,0,-14487761,-186286157,88814,-7838282,-6349641,-4793110,-429558,23888554,0,-269152,-170014,0,10071445,7983457
42,768511,7373483,0,0,-183834795,-61688,0,0,0,0,-7217585,0,0,36986,-1766481,0,5008335
43,763446,7378435,0,3624602,351574769,-419453,9169166,0,-3726854,89707,-23282712,0,556234,0,0,-4808025,19605075
44,761524,7386195,5453770,0,549057090,0,0,-1600458,0,0,0,-49441,0,304146,-965180,0,-20235804
45,766860,7396027,-20965273,3778062,0,-54216,0,0,0,0,0,55351,0,142929,1284564,-779633,-25931158
46,764359,7404992,-12967520,-5986472,589059645,-289076,13761095,-1202904,0,133602,0,0,2400063,0,0,-9304991,-8908931
47,761730,7416490,0,4685798,-152227295,0,8986880,7248791,-2275588,260676,0,0,0,53606,0,0,0
48,758491,7424764,0,-7148289,0,1286676,0,3686080,-2861437,0,-3081714,108462,1463889,-30718,0,4982849,0
49,754706,7430309,0,-12900455,-105384639,0,0,0,0,234214,0,0,0,0,-2874310,0,-8634674
50,749909,7439768,0,18195412,0,0,0,0,1959123,0,4854771,-35838,2586629,-83222,0,0,0
51,748528,7446533,0,6197458,-152091374,-216933,0,-2971650,0,-195734,0,0,0,98461,3807668,0,3656082
52,749007,7449300,0,5779986,0,207358,-8108398,1185072,0,249608,0,0,-907169,-46666,0,2386737,0
53,808537,7311574,98744992,-13824850,127384649,0,0,0,0,0,134146848,0,0,-43375,0,-6888583,0
54,809485,7310118,-64607803,-10670797,158720144,0,12600755,-1545742,0,-255505,-87807887,0,0,35602,350628,-13917435,0
55,814762,7303444,-130673320,0,0,0,0,-4424842,2972748,0,0,0,8594268,0,0,7671881,0
56,818281,7301076,-91825545,5324055,0,0,0,0,574215,0,1458266,0,16512450,0,0,0,0
57,822832,7297961,188361676,18253149,965104495,0,0,0,-1690403,82412,0,0,0,-23409,19960670,12002556,0
58,827456,7295073,-34767885,0,-431809355,-63864,0,8059869,0,0,0,398547,0,47241,8464224,-19674437,0
59,803308,7316533,10237241,0,0,-46908,0,0,-3548765,-2296927,0,257396,2309918,0,0,-3086925,0
60,806029,7317197,0,11971973,-1259476493,-1010722,-30982717,0,0,200511,-20149348,0,0,-380026,-30764233,-5051688,-91754629
61,805636,7320994,35261214,5375436,-160643672,37141,5375169,0,7915526,430636,-10410698,20823,0,80252,0,0,16670534
62,830207,7292481,34767885,6488607,0,0,0,-10267632,1267460,0,-58719333,-398547,-24061993,33941,0,19674437,0
63,773852,7296330,-12528818,0,-24616098,-228975,-6645097,0,2485574,0,0,279734,-1795616,578191,-6223471,0,-318239532
64,739417,7194482,-86779069,0,-47564568,0,-17303685,-2927310,0,-327440,0,-337820,0,247772,861096,4560096,-28459892
65,736257,7206968,0,0,-12827405,-252183,0,3130449,891795,0,0,0,0,0,-6728982,-480554,-31491517
66,736945,7215890,45627983,0,-35189383,404656,0,3965081,0,-130129,0,-90010,0,-255773,1621904,0,-25253026
67,736499,7223817,0,0,-74361794,416755,0,1942793,0,2972972,20115466,0,-2133933,0,-528083,0,35624248
68,737039,7235123,-9799985,0,0,-541813,13967262,0,-2282968,0,0,132442,0,0,-1133155,0,0
69,737978,7243950,-20005848,0,0,79486,-8974630,-4340717,0,2080345,0,0,-2349623,0,0,-1383866,0
70,742990,7251890,0,0,0,845511,0,0,0,0,12232947,87468,-2225410,0,0,3590278,89697096
71,747853,7261014,0,0,-78831178,-411830,0,0,3464683,853868,0,188946,-2276752,-83512,235019,0,-65298272
72,751479,7269103,-15797636,0,0,-9325,-7535748,0,0,610161,-10404825,0,-2950949,-137598,1168188,2056947,24189906
73,753975,7274801,0,0,0,965506,-20119417,734471,0,-920866,0,0,0,217205,0,0,-26456654
74,759099,7284504,46111760,0,40281065,0,0,0,-5459372,2771299,21086589,0,7819301,0,-1023913,0,25888934
75,763909,7291725,-17470167,0,0,0,0,0,1476482,0,-22063706,-238626,-2114670,-303255,-460090,0,-76114864
76,769352,7295111,20774594,0,56702648,-66336,8817968,0,0,-1220545,-23057210,606964,0,0,0,9814918,0
77,775107,7297175,-86117244,0,-70528671,-1139295,-4443763,0,2865215,2503014,0,284962,0,-161873,0,0,0
78,779976,7302528,0,0,-53798515,-57406,29224563,-10171542,0,-621513,26520498,0,0,-413675,-708477,6220524,13673292
79,784589,7309851,0,0,-118105399,-1291230,0,0,-215954,0,0,0,-205912,0,3552484,-2295472,68627187
80,791976,7316923,0,0,42777189,90372,11869694,0,0,0,0,0,0,-123882,-980895,1171534,25769891
81,798077,7315754,-4372520,0,28840368,-414910,0,0,0,0,0,0,0,0,2007616,-2890191,-61653048
82,730993,7104407,0,0,0,1055308,53710647,8647975,-7256905,1326178,0,-506317,-5208152,0,-726916,0,0
83,727820,7116492,37741190,0,0,225622,10795910,8220786,-1061998,-2531795,0,-369619,-3638810,0,-2527339,4587481,-36145577
84,728727,7128236,-80120988,0,0,-50545,-12290328,0,0,-1458228,27069923,124554,0,-147691,0,780752,0
85,723637,7139196,-23547647,0,126589911,-721972,0,-24646395,8718673,0,9230449,0,0,0,0,-5423366,-34274479
86,724398,7150980,6091114,0,103693884,-423085,0,329789,0,-1686539,17413403,-273253,4102583,233999,0,0,68181698
87,730899,7161058,0,0,-71294191,-1052688,0,0,0,0,0,103132,-2212292,108297,2541190,-3010563,-22401743
88,736093,7168498,-19876938,0,-75429874,347249,0,0,0,0,0,-314988,0,398088,0,0,-63122445
89,737789,7174964,0,0,0,618542,-15278656,0,783356,-2146012,0,0,0,0,0,3630663,0
90,739888,7183364,0,0,90567389,0,6522813,0,-3889722,0,14472347,-188718,-10130161,0,-1292289,3226766,64850499
91,669123,7038615,-7826096,0,-145561189,-399073,0,-1191658,0,0,-13148498,0,-969095,0,-3146149,0,-24908991
92,672160,7046809,8557019,0,0,500521,12811106,9455808,0,816734,19965272,183626,0,86638,1906167,0,-29513912
93,678675,7052051,-16531235,0,0,936985,-5273571,0,0,0,22953098,87622,-3116326,-181536,-1198423,2772639,0
94,682899,7061453,46714486,0,-63154636,0,0,0,-2923914,426624,0,0,0,0,-124596,0,6608852
95,684688,7063724,5443513,0,0,302590,0,0,6845117,-1493217,-35328482,-57329,3564249,189208,2604899,0,-52533036
96,691068,7068409,0,0,0,0,0,2096924,1477365,311387,0,0,0,0,1504752,-5049866,-22521804
97,697097,7077439,28094445,0,-40106986,-551126,0,0,-1506381,-608607,-22132389,-180611,0,-128948,5278601,-4653560,0
98,706196,7079794,-8663004,0,0,0,-4097080,3006536,0,0,0,415348,0,-222353,1859519,1663563,0
99,708797,7078696,-22667534,0,-44010032,251415,-10269685,0,0,-124956,2794923,0,0,203105,756201,-2523741,0
100,712568,7078573,-4478936,0,-16106854,-10098,0,0,-891641,7679,7344039,0,0,0,-698032,423049,4134495
101,713887,7081292,-16201098,0,-36722876,-252843,8848811,0,0,652217,-4616956,0,0,90214,-1931097,-2377315,0
102,718259,7078813,0,0,25344179,-318534,-2709419,0,-2992426,735486,0,36158,0,0,0,-3030828,0
103,721940,7082048,10968126,0,29649529,341419,1667338,8472685,0,0,-18813480,0,-1450298,0,0,0,-7104776
104,726168,7090909,-16668358,0,0,0,-2600860,-8866598,0,541889,0,-86543,-728453,215104,2678933,-914307,-8077842
105,609827,7010999,-8075958,0,0,0,5868842,8112156,1513159,0,0,0,0,125785,0,1017558,-86123363
106,609386,7016856,-29439354,0,0,-231086,0,4864262,1751225,157787,0,274343,0,-133776,1747614,0,48783045
107,610864,7021703,-16136283,0,-80981601,0,0,0,2804546,-633892,0,0,0,0,-4138569,0,22007871
108,615159,7023835,0,0,81562218,56222,-9131904,0,0,-230656,0,0,0,-84070,0,0,-18348712
109,619622,7025206,12200911,0,128997718,167741,0,0,0,0,3357302,-330160,-522355,0,-5735140,1939502,83514946
110,622372,7028991,-23020855,0,0,576564,0,0,0,0,0,-146644,5482539,-255468,534377,2092148,49751136
111,625607,7031250,0,0,0,520153,-7643368,0,-1115102,0,0,93036,7966380,-43553,1055448,2748938,0
112,632318,7031922,0,0,0,-217236,-5682531,0,0,0,0,-436754,4441875,0,-1823506,0,19084794
113,642893,7031720,0,0,0,-861347,-2338986,0,0,-855194,18229212,-416910,0,84509,2356972,-2136218,-46937499
114,648616,7036003,0,0,106091435,128831,-12795377,-5258735,-1977565,-82401,33925606,20981,-811125,0,-2873604,-946174,19285817
115,656867,7036977,-9257707,0,0,0,0,-9291984,0,0,0,0,-6100052,0,-4270295,2306475,0
116,664981,7037563,0,0,-58794080,0,-33450936,1611411,8456895,0,29175943,0,0,127611,-779316,2972006,-22488464
117,916071,7331072,0,0,-138275204,0,0,0,0,0,0,0,-938054,0,5178898,2370844,0
118,870403,7350846,0,0,-4391293,-265867,-548527,0,0,0,0,25511,0,0,0,3639017,-44712896
119,884931,7349816,0,0,0,-548195,26847612,0,0,0,0,0,2524457,0,0,0,2851942
120,904687,7353164,0,0,0,0,-376383,0,0,0,0,0,-1144895,0,0,0,0
121,808684,7332798,-8647371,0,0,0,0,-3171999,0,-553293,0,0,-1124366,0,0,0,1256410
122,816893,7340768,0,0,35807369,-406917,0,0,0,0,0,0,1873819,0,-3429842,0,0
123,823475,7342347,-10103631,0,0,587394,0,0,0,0,572571,139667,0,0,0,112551,0
124,832259,7344670,27455556,0,102467835,872801,0,0,-3023713,0,0,-409407,0,0,0,-3749537,44712896
125,843218,7347669,0,0,0,387156,-27440094,0,0,0,835950,-8329,-1190961,0,0,0,10538240
126,847600,7349061,-22943297,0,0,388467,-588187,-1633655,0,296907,0,0,0,0,0,0,5330136
127,732865,7095690,48819605,0,437215568,779912,-37634488,0,1242682,0,0,320825,0,0,2872606,15334925,19186823
128,732335,7097796,0,0,0,1111697,33541280,0,0,1420968,0,-126064,-2681396,0,-2638596,6062066,-50121874
129,787450,7277419,0,0,-236647642,-1990036,0,0,0,0,-251575098,0,0,-76054,0,0,0
130,796948,7262126,23842531,0,-462152919,0,0,0,0,844473,0,0,0,0,0,0,273666222
131,800965,7259346,55304204,0,817210108,1990036,0,8059869,0,0,251575098,0,0,0,0,0,37285021
132,753349,7194321,0,0,0,0,0,0,0,0,3257930,0,5411130,0,0,0,0
133,779862,7194776,0,0,0,0,0,-3500013,0,0,4586145,0,0,-267678,0,-4224889,68911983
134,783111,7194307,48620713,0,0,-413901,0,0,0,0,0,0,-5569245,62612,0,0,0
135,785813,7193591,0,0,0,-1107781,0,5855762,0,-266411,-41279587,0,76843,0,3191590,0,0
136,790236,7190997,0,0,0,-908382,0,0,0,0,0,49819,81272,-37890,0,-1540944,0
137,793761,7190280,0,0,0,2430064,0,-2324752,0,-194219,-5718853,0,0,0,0,0,12433679
138,796728,7188191,0,0,0,0,0,5572881,0,0,0,-49819,0,0,0,0,-60158469
139,736173,7096492,0,0,-39072752,350301,13819309,0,0,0,10669918,-419007,15237199,0,0,-4814218,0
140,739353,7096259,4935,0,-69575199,-312406,0,16302442,0,4665005,-21906769,0,18517841,0,-94729,0,6496338
141,748187,7093557,-85837753,0,-19761816,0,-32532950,-5377954,0,0,0,0,-24008894,30616,2798744,0,730184
142,750503,7092555,0,0,-72902758,-4757,-35476,15013,0,-4425706,11640263,0,2487048,22207,0,0,-1754335
143,752596,7091179,0,0,-26553124,0,15203054,-207864,0,5083805,0,8034,0,268624,5855208,0,-2499976
144,757378,7090273,1808854,0,-547944,0,30756705,0,15096617,-5429915,30149,0,0,32063,-100800,6252630,-469700
145,758960,7088780,73774331,0,0,0,-21329174,-3276477,0,0,0,814157,6652171,214878,0,-7163897,-1378923
146,760375,7087563,3420507,0,-28863227,-407948,-27070163,0,0,0,-2612300,0,0,-437596,0,-1143921,18930688
147,761757,7084219,14177049,0,-34713541,-3128,45487178,-8022,-10179972,0,-415405,0,0,0,0,-3326447,0
148,765105,7075677,0,0,0,0,-23247076,-7809534,0,-1438629,0,0,-7382820,0,33739,0,0
149,675810,7029980,0,0,0,0,0,0,-7516499,0,0,0,0,0,0,0,0
150,707720,7158550,0,0,19521224,0,0,0,0,-1243612,0,0,-994034,0,-4318560,-4454698,-44712896
151,691781,7165289,0,0,0,-623845,0,0,0,612269,0,0,0,-357386,0,2443752,-11577549
152,679821,7168126,-53236081,0,-32078107,0,0,0,-2993065,-940868,6903018,0,-487633,0,0,0,0
153,678416,7168308,20590836,0,0,-390994,0,0,0,0,0,0,-1681183,333381,-2347665,0,9200876
154,677053,7167873,0,0,0,0,0,-4848515,-2272434,-359249,0,0,0,0,0,-1131695,0
155,675551,7168317,17008783,0,-28094415,0,0,0,-1085075,1757324,5468956,0,-793392,0,-1970895,-3279606,32223000
156,650338,7184720,0,0,0,0,0,9665547,0,0,0,0,0,0,0,0,0
157,626101,7211380,16229706,0,0,0,0,-2593635,0,0,8008794,0,0,0,0,0,22283626
158,593734,7035944,0,0,0,0,0,0,0,0,0,0,0,0,0,0,7623495
159,590118,7048373,0,0,0,0,-17927559,0,0,0,0,0,0,0,0,0,0
160,586190,7061806,0,0,0,0,0,0,0,0,0,0,0,0,0,-1758518,-29857145
161,570269,7076329,0,0,0,0,-1806405,0,0,0,0,0,0,0,0,0,7898203
162,566156,7088933,0,0,0,0,17927559,0,0,0,0,0,0,0,0,-2184063,0
163,599199,7220800,0,0,0,0,0,0,0,-374001,-20380768,0,0,0,0,0,0
164,685721,7023094,-20867614,0,0,-66866,22214508,0,7751730,0,0,0,0,0,-223072,35015,0
165,686618,7025116,20789963,0,0,-17428,-4141271,0,-7842922,40400,-249733,-7988,0,-1008,0,196800,0
166,689662,7025510,0,0,0,0,0,0,0,0,343165,0,-91850,-1296,0,-288878,1015236
167,694847,7026344,0,0,0,0,-473252,0,0,0,487198,-18530,-2173,-1472,118487,89979,-3140178
168,704366,7029724,998400,0,0,-19243,-9765318,129696,0,0,-471224,9204,4348,0,525672,47309,-11586
169,707955,7030704,-417191,0,5419979,0,-68331,0,0,9612,636267,0,0,0,0,35500,0
170,708470,7031182,-165954,0,-888525,-3528,-216737,0,0,14515,19406,-13582,0,6025,0,33170,-1257052
171,709273,7036014,-891137,0,0,-14818,0,0,0,15319,-169419,0,0,1135,0,108560,-933625
172,713485,7045933,0,0,-1519877,-4872,0,38102,0,0,508072,0,22933,0,0,-241525,-154106
173,719276,7054009,-298797,0,868309,14412,-353430,-51620,0,773,38234,-21697,1903,-269,149185,0,-160569
174,722400,7057832,35452,0,-591654,27578,-127296,0,49781,0,25523,0,0,0,-551472,0,-1948560
175,728194,7058782,0,0,2055640,0,-27381,201168,166891,-257775,0,0,0,-2659,156192,-194814,530784
176,738154,7061814,336044,0,0,0,-18528,-1057070,0,174082,1098904,0,0,-1081,685,0,1498569
177,743239,7065470,0,0,-2580791,0,0,0,0,0,0,24095,6956,-3803,217355,0,0
178,746010,7068181,44629,0,0,-18570,-225677,0,0,-2568,0,181,0,-30088,0,-90469,0
179,751302,7073816,0,0,2371440,0,0,0,-16896,587,228201,0,0,13495,-40016,0,68239
180,759352,7079041,-202403,0,1483862,14521,0,243133,0,30234,0,0,116070,-2508,7646,0,962670
181,708855,7028404,0,0,0,0,0,0,0,0,0,0,0,0,0,0,0
182,640366,7001480,4884,0,-1377570,-15909,0,-87037,0,-250600,0,19701,0,0,126839,107282,0
183,643012,7008076,-50324,0,0,1483,-322478,0,0,0,0,-29359,0,12710,-1742,0,0
184,652805,7014175,0,0,-2182604,38447,0,0,0,0,0,68,0,-3196,-137643,0,0
185,661659,7017559,0,0,2258709,41746,1086752,0,0,-4264,0,5515,-63324,-1659,74639,0,936745
186,673148,7013812,-719126,0,0,0,-786724,0,0,8067,0,0,-120982,40496,-403470,0,0
187,680930,7022087,0,0,0,39117,18437230,0,0,66291,-895288,212,0,5132,0,0,0
188,533811,6932697,33156276,0,0,694720,-35387710,0,6353903,0,-63984413,0,-824151,489813,1883576,-4974063,40497968
189,521475,6965008,17085405,0,-53554374,1068483,0,0,3326776,0,-18536859,-369375,0,0,-910657,-1516119,-39360420
190,524675,6969416,0,0,179658609,871334,0,0,3858178,-783706,0,0,-797993,398148,0,0,-44943655
191,531180,6973693,-30543953,0,0,648451,14803536,0,-8716129,0,0,64206,0,0,-2281884,2122615,-10971632
192,532519,6979213,29429560,0,33011989,0,0,5056060,1438272,1102107,0,0,0,-261131,0,2206225,39735132
193,537491,6980748,-7436693,0,103728758,0,0,-14079202,0,-2063909,-49489073,-164421,0,0,0,0,0
194,543443,6981231,0,0,0,0,-21720057,4503258,0,132697,-39563175,0,-2398699,251839,0,-4296317,0
195,550024,6982067,-50319784,0,0,-777341,0,0,0,264725,0,379076,0,260624,1127608,0,-30521770
196,554902,6983894,27568668,0,0,-186128,24410969,2788352,548316,0,0,0,0,-219989,0,6257088,-44045768
197,556617,6986540,0,0,-43105125,0,0,0,628175,0,21085564,938525,1848646,-199255,-952671,0,-4463086
198,558802,6988398,-49184182,0,-24559512,-325139,32200250,-10144378,1637419,0,32960775,140787,-476941,0,-983912,-1765629,41279192
199,564424,6988834,-13995199,0,-34711465,-1379029,0,0,0,517749,0,0,17549569,-479804,0,0,93046625
200,569671,6989553,30605313,0,-41239432,0,-33958272,4098012,1372652,0,0,-19995,-3224649,0,-630317,0,0
201,571388,6992883,0,0,196949398,-160352,7515766,-6423707,0,0,24696164,66626,-594607,0,-827450,-2184760,-21799825
202,582015,6989817,25613752,0,-31407995,454186,12286386,-4027602,0,-370329,-16074600,-321104,-1211741,-560309,0,341775,26385443
203,590035,6992858,0,0,77917443,275807,-17470568,4971912,1525702,532213,0,411607,0,0,874660,0,0
204,593962,6996978,0,0,62698635,-716947,11116240,-4878752,993110,-816714,16120996,-269649,-7884305,-42221,3776281,-7978732,0
205,598246,7003907,40520972,0,-46326816,1103111,0,0,2350884,0,0,0,-1444955,0,1179305,0,0
206,604062,7006918,0,0,-154749210,0,0,0,0,254273,0,-126528,0,442777,0,0,0
207,531396,6932722,0,0,-72689860,0,-15279423,0,-2225159,0,0,369064,0,0,0,6529078,-42094821
208,528155,6937112,58834180,0,0,-668216,0,0,-5098389,-666756,-8064907,-319152,0,-356916,0,-8069801,47856052
209,526445,6944245,31989272,0,-136415393,-706551,0,5360730,0,0,0,-560102,0,221204,-1035208,8517224,0
210,523244,6952643,0,0,0,-464809,-16571698,926434,1987180,0,14087915,0,0,150423,2615881,0,0
211,521334,6957805,62977876,0,0,-307556,-12455973,0,8738436,268407,0,545645,1772274,714367,5951836,1475535,22631297
212,534206,6901003,-29413785,0,58915952,-141174,0,0,-9007748,0,0,0,0,0,-1815318,0,0
213,535372,6908658,21282017,0,-64538409,-349189,-19654945,4247474,-6898868,-924852,13961025,0,0,231275,-5775561,0,-16675512
214,529093,6915442,0,0,0,-221560,22025423,0,-5355489,808957,0,0,-2284287,60796,-1230788,-2300952,16640255
215,524435,6922096,-25516487,0,252479418,-552258,34112042,-11028015,0,644743,0,-189074,-1319999,-989999,1947040,-3000720,-7524741
216,524463,6928875,0,0,-67819707,0,50760286,3934674,0,0,0,-151004,0,0,0,0,28562434
217,530571,6931934,19887152,0,0,843450,-65621424,0,2924082,0,46338139,0,3413196,-133043,-1585259,0,0
218,553271,6859809,0,0,-123812291,0,-13990384,0,3170512,0,0,-371436,3247873,58412,630126,0,0
219,549810,6867799,-22653788,0,0,979126,0,-18256548,0,937272,0,126524,0,0,3788468,-1750972,34192485
220,547230,6876943,-7498119,0,-133761066,0,37288899,0,0,972190,0,0,0,0,0,0,18594736
221,543525,6882332,0,0,0,0,0,1942683,8164796,768125,-17865017,0,3782799,0,-2072546,3314712,0
222,539385,6886813,20747874,0,-224087177,-353856,4196691,0,0,928340,0,149141,1924703,-149893,1477470,0,17235888
223,535238,6892184,0,0,37132744,212455,0,-12806750,-4730394,460193,0,115005,-1740585,-523473,-1843079,-2018712,-6993391
224,574440,6802509,0,0,0,0,12626933,0,2494375,0,0,-919375,0,0,-3379497,-1123171,17094598
225,574372,6805926,-51062692,0,-176881197,0,18162995,0,-7026454,794007,0,0,-2272331,0,3462024,6898035,13518353
226,575330,6810404,-58394508,0,111365772,0,0,0,0,628000,-12586496,0,-2563316,-381878,-6328185,-4060699,16982382
227,573518,6816033,0,0,0,866406,0,0,0,0,25091455,188344,0,205143,2254943,0,0
228,572750,6821257,-19688570,0,0,1115148,-18964852,0,3256256,0,-8008731,-375536,-3859652,653538,4027061,2539744,0
229,570456,6827210,0,0,0,0,-23647029,0,1985046,1204570,0,0,-774415,-148542,7204640,3927482,-60578752
230,566851,6834750,0,0,211552323,475137,0,3881885,0,1260117,0,0,2008908,-363543,-4074573,2142484,0
231,561723,6836724,0,0,0,0,0,-2995702,0,362135,0,0,-5743540,-142334,-923951,3624438,0
232,561960,6843067,0,0,0,-1044017,32623722,0,0,0,-5698904,0,-1084501,0,0,698819,12778041
233,561471,6846776,0,0,0,211670,-24674183,0,-3975108,1338682,0,879601,0,0,-1503635,-4645763,-34444933
234,557756,6855374,-57025526,0,-196103766,-691099,-26876433,-5505870,0,0,0,-279071,-1610255,0,4565120,0,0
235,593387,6751890,39356529,0,0,-681120,41637029,-8782219,0,0,0,481338,6385501,0,-2818091,0,13120611
236,592740,6757545,71950609,0,0,0,16437134,2568846,0,-2046544,0,498814,0,0,-911935,-4716839,17765476
237,591246,6763294,0,0,0,2607371,-20059065,4608239,0,757822,-24259277,-854186,0,-150650,-2233348,0,22367463
238,590340,6768947,0,0,0,-690563,0,0,3247009,-1042720,0,0,0,547871,-1929324,-1298179,0
239,592621,6777338,0,0,0,-1490881,0,6506977,-8335316,1101517,-9797537,157128,0,90043,-4610866,-1821696,15348770
240,589993,6783440,66115867,0,0,-924393,0,6451155,0,0,0,-383639,-3680059,0,8142366,869831,0
241,586925,6787805,-55313732,0,0,-1034388,-16526379,0,-3844155,1661384,0,470133,4143226,230961,2876465,2467816,62334415
242,584314,6789496,36082581,0,-114639823,800478,62121863,0,0,2646598,-7324735,0,-1216426,0,0,-2545075,11115166
243,472839,7021337,0,0,-15015358,0,0,0,0,0,0,0,0,0,0,0,0
244,472351,7022028,0,0,0,0,0,0,0,0,0,0,0,0,0,0,0
245,470596,7023439,0,0,0,0,0,0,0,0,0,0,0,0,0,0,0
246,469297,7024875,0,0,-9399707,0,0,0,0,0,0,0,0,0,0,0,0
247,463157,7024885,0,0,32898398,0,0,0,0,0,0,0,0,0,0,0,0
248,450598,7022943,20779244,0,-26870356,0,0,0,0,0,0,0,0,0,0,0,0
249,441364,7019919,0,0,0,0,0,0,0,0,0,0,0,0,0,0,0
250,435192,7019114,-7892692,0,0,0,0,0,0,0,0,0,1190435,0,0,0,0
251,432733,7020670,0,0,0,0,0,0,0,0,0,0,0,0,0,0,0
252,423524,7024651,0,0,0,0,0,0,0,0,0,0,0,0,0,0,0
253,411745,7021898,-3907319,0,0,0,0,0,0,0,0,0,0,0,0,0,0
254,403832,7031535,0,0,0,0,0,0,0,0,0,0,0,0,0,0,0
255,395938,7030708,0,0,0,0,0,0,0,0,0,0,0,0,0,0,0
256,376740,7023760,-3531916,0,0,0,0,0,0,0,0,0,0,0,0,0,0
257,366496,7020648,0,0,0,0,0,0,0,0,0,0,0,0,0,0,0
258,354763,7024076,0,0,0,0,0,0,0,0,0,0,0,0,0,0,0
259,481778,7004584,-17092802,0,0,-50132,0,0,0,-68037,0,0,0,0,0,-15828017,0
260,515888,6966253,-34767885,0,72447431,-26907,0,0,0,860,0,10981,0,-55761,-34909,0,0
261,511660,6975720,0,0,-24476959,0,0,0,-834750,-1605,0,0,0,0,0,2013585,0
262,502049,6980573,0,0,-8665727,90770,0,0,0,0,0,-6507,1008703,-363,-58619,2902999,-29857145
263,491542,6994065,0,0,264369,-12218,0,-673943,0,-64479,5413642,0,0,0,114756,4421436,66471
264,487201,7000531,-11898026,0,0,0,-2991350,-472934,0,0,-1364513,10436,-2199138,0,0,0,18494790
265,546968,6933266,55153584,0,-398070292,85493,-1976955,-2822096,16165525,0,0,51790,0,0,-63043,2630283,0
266,551134,6931777,0,0,-262328488,-21893,8428233,0,0,0,0,0,-227262,0,2446060,0,-22147069
267,552996,6930750,0,0,4980160,259561,17122371,-4772167,0,0,11412900,0,0,253192,-2491453,0,21118469
268,554997,6929845,0,0,0,0,40839853,137749,0,0,79542933,0,0,362132,-47158,28894916,0
269,555556,6929917,0,0,24204318,0,-1216309,0,0,-3161951,0,1508245,0,0,0,0,0
270,560149,6929982,0,0,660398780,0,-17840367,0,0,3323364,46739851,0,-6560136,-347580,0,0,0
271,568855,6927554,98893785,0,-8519524,0,0,-5196625,-15854742,0,8187985,1803176,44683245,-567796,-59428,927011,0
272,570957,6926109,-34626526,0,0,-325308,6164390,0,10886451,-4056437,-117109800,-1177079,-97854,-176493,0,0,0
273,573969,6925074,-43455868,0,21549383,0,0,-4348790,0,-1723483,0,0,-13807563,0,0,0,0
274,582597,6921968,163255032,0,-15667036,-2184952,-10196701,0,4614727,-4488107,0,-192558,-16930652,0,-66468,2784293,0
275,595824,6917299,0,0,0,5831360,0,14702965,0,0,0,0,0,-261070,-75868,-33213835,0
276,603777,6916705,0,0,0,0,0,0,0,-1599881,8405109,-1918372,-7198485,268558,0,1532699,0
277,609136,6917597,0,0,0,0,-39597802,-1493720,-20636248,11706495,0,0,0,649370,0,0,0
278,647701,6954350,0,0,-1886335,-3165,0,0,-103400,-1117,670027,-12763,0,-4971,0,49887,0
279,649275,6964742,0,0,0,15684,0,-9672,0,0,0,0,-63982,0,73413,10133,0
280,646069,6973292,1097419,0,0,24169,349192,0,0,0,0,0,173234,0,0,64122,0
281,643655,6978290,-624710,0,0,0,-460427,0,0,0,0,0,0,0,0,-119478,0
282,641034,6980726,-718621,0,0,-6413,0,0,0,0,0,234,0,0,-399,49014,-203439
283,638800,6984791,0,0,0,-11076,0,0,-23926,0,26418,0,-102194,0,0,0,0
284,638878,6994763,647815,0,322566846,-578,0,59730,-22894,26016,0,-10172,0,0,0,0,-820044
285,639161,6997229,0,0,0,0,0,0,0,0,0,0,0,0,0,8827534,-66850876
286,631012,7006651,0,0,-321444954,0,0,0,0,0,0,0,10224562,0,0,0,0
287,616800,7005890,0,0,0,0,0,0,0,-3266433,0,0,0,0,0,-8827534,0
288,614057,7006212,0,0,0,0,0,0,0,3266433,0,0,-10224562,0,0,0,66850876
289,619331,6926127,258592141,0,0,0,0,0,0,37915,-20909775,0,0,0,0,-106590,0
290,620042,6928581,0,0,0,0,0,-670599,0,0,0,34644,0,-128446,0,-4773,299157591
291,620084,6930534,0,0,0,-8380,254078,0,-73190,-119653,21579278,0,0,0,-68686,0,-335892618
292,621548,6932612,785176,0,-679883,-29507,0,0,0,0,-436660,0,0,303475,-48770,-133227,-633317
293,623736,6938151,0,0,0,0,0,1227278,0,40551,0,0,22028,-1273,0,158987,0
294,625494,6937818,0,0,0,25261,0,0,0,54237,0,0,0,0,0,0,0
295,634000,6937877,1899488,0,0,0,-146170,0,-35130,11523,0,0,-130949,0,0,562333,0
296,640332,6941155,0,0,0,0,0,0,0,0,60831,0,0,0,-9125,0,37800691
297,643112,6944448,0,0,-43685221,0,0,0,0,46638,0,0,0,0,0,85667,0
298,650140,6948362,1508146,0,-72496173,45292,0,0,0,636,0,0,0,0,8631,0,0
299,619690,6919389,-483970413,0,177500622,-4709049,11750771,0,0,-397774,0,0,0,-776505,-195920,0,4268058
300,618427,6734715,0,0,51023053,-833676,0,3192558,0,0,0,15205,0,-16303,-560537,0,-100974098
301,619617,6744119,0,0,-30784352,0,19476136,2553626,406010,245587,13028029,46280,0,-20798,-83073,0,0
302,611888,6753532,143869790,0,7512152,588396,-6056822,0,0,-306019,0,-80830,170435,905259,3439,0,-5554084
303,611248,6760738,29566321,0,0,-1986459,-34298610,21222271,0,0,4655008,10470,-521145,0,122870,-4059002,-21104219
304,614275,6765454,-23953836,0,24611268,432315,-12164121,0,0,0,0,53037,832810,0,-864082,378031,0
305,614542,6776740,0,0,0,-1313607,19085931,0,0,0,0,0,0,68730,-117572,4948110,-7596671
306,614451,6786192,-117175473,0,0,0,-6756955,0,6860808,0,-3924230,10134,0,-430693,0,0,0
307,613471,6787970,0,0,-113583203,203470,12128797,1658012,460279,0,-5021959,0,0,100181,0,36959,0
308,613443,6788302,0,0,0,93240,4124540,0,348495,-1569869,0,-84207,0,-56878,-133469,0,0
309,612537,6790717,-12731357,0,5961474,218431,-16885237,-6311876,0,843517,989484,0,0,154292,0,321824,-4051252
310,609009,6797836,-36128459,0,48705101,0,0,-2790408,-1649020,1853344,-8063438,10690,0,92441,-108903,-3119155,3621981
311,606465,6810143,0,0,61675140,-91514,0,1394390,0,0,3082491,-22582,4952,-6664,0,-418692,0
312,605755,6820822,-1276143,0,14018603,283274,6225730,794556,0,105164,0,-28140,239478,0,-95207,0,2848662
313,606574,6830204,-11480807,0,0,0,15816072,511167,1318034,-246327,3171855,0,361746,0,-926550,-472092,0
314,610270,6836373,23621581,0,0,101907,0,0,2352360,219849,-1483315,-168630,507003,0,-97931,306446,0
315,611455,6845315,0,0,0,0,-11854358,0,0,143351,0,402388,0,20497,-73151,0,0
316,615469,6854731,0,0,0,0,-3041552,-1941537,0,-674572,0,0,169446,0,813720,0,9478628
317,615885,6859205,-9504,0,-12363025,151424,2642610,-587903,0,-673556,0,0,737808,0,-3128,0,-21490358
318,619196,6865514,0,0,4892904,-149572,-3748163,0,-2682651,0,0,-127758,772311,0,2081,-1022020,7701579
319,618286,6875102,0,0,0,-1172,0,-2463885,0,0,0,194,-308443,0,-109577,-760789,-8602974
320,617248,6882374,0,0,0,0,0,0,510213,-614026,0,11772,1187284,26804,-104673,0,7330342
321,619160,6884269,0,0,-48170657,129103,-5745923,-1937722,0,0,0,0,-481526,0,-575657,-233790,43966953
322,621081,6887490,2784991,0,0,0,-10644109,0,1163098,0,0,0,2662022,0,-129427,-431913,23145176
323,622404,6892415,0,0,0,170847,-8287189,-1784215,0,-449145,0,287666,324703,0,-267714,0,0
324,623695,6899152,0,0,0,-53175,9280548,0,0,0,12613405,-300255,-3375566,0,0,-1167,-23279930
325,624794,6902466,-10739410,0,0,-868,-4017201,-2266589,0,115293,0,-157274,3332842,0,1351429,0,-2966486
326,622661,6912377,0,0,0,0,0,1633164,0,212842,-18304264,-80193,0,0,2763,0,7012512
327,622479,6913243,0,0,0,0,-5653918,2182397,0,131818,16814684,0,-2551483,29781,-317226,0,3085524
328,622222,6915084,-18918627,0,0,833152,26485580,8355835,0,94846,0,42694,0,78215,0,0,0
329,607779,6739131,5749173,0,281208,206731,2515906,0,622020,75431,-27573,0,250335,28947,2030567,0,34945426
330,600610,6746729,-22149520,0,44802588,-379204,30903910,-321685,-224256,0,0,-16698,-594476,48373,-2157222,-2112170,129273
331,481700,7016858,0,0,0,0,0,0,0,0,0,0,0,0,0,0,0
332,492822,7021073,0,0,0,0,0,0,0,0,0,0,0,0,0,0,0
333,493963,7028589,-9988323,0,0,0,0,0,0,0,0,0,0,0,0,0,0
334,497465,7047996,13852829,0,0,0,0,0,0,0,0,0,0,0,0,0,0
335,510233,7055378,0,0,0,0,0,0,0,0,0,0,0,0,0,0,0
336,523411,7066556,0,0,0,0,0,0,0,0,0,0,0,0,0,0,0
337,530547,7078477,0,0,0,0,0,0,0,0,0,0,0,0,0,0,0
338,558406,7110445,0,0,0,0,0,0,0,0,0,0,0,0,0,3942581,0
339,466099,6878189,6470725,0,0,0,0,0,0,-395616,0,0,1883631,0,0,0,0
340,478282,6768350,-3294661,0,0,0,0,0,0,-672469,0,0,0,0,0,0,0
341,479586,6776111,-5650855,0,0,0,0,0,0,0,0,0,0,0,0,0,-6890766
342,484372,6786223,0,0,0,0,0,0,0,0,0,-91082,0,0,0,0,0
343,486477,6805321,6513311,0,-17115368,0,0,-3135570,0,-219986,0,-67851,0,0,0,0,0
344,486549,6818280,0,0,0,0,0,0,0,0,0,0,0,0,0,0,-8797665
345,488753,6825957,4437362,0,0,0,0,0,0,1288071,0,-122852,0,0,0,0,0
346,489183,6834274,-3499653,0,-40997875,0,0,0,0,0,0,203129,0,0,0,0,0
347,486541,6840277,-5181206,0,0,0,0,0,0,0,0,78656,-2584701,0,0,0,-10673244
348,483240,6852120,7160583,0,-23145887,0,0,1538961,0,0,0,0,701070,0,0,0,0
349,467376,6877299,-6955606,0,81259130,0,0,4159619,0,0,0,0,0,0,0,0,26361675
350,617740,6729212,0,0,186385626,1734040,-58461260,-41984705,1403617,0,-63660468,4001756,-3688947,-1292791,-7188578,6220275,0
351,622659,6729964,7788209,0,0,0,0,-25533414,3620785,561808,5344354,0,0,0,0,13654790,156131023
352,617626,6731219,28754455,0,96471880,0,0,0,0,-951979,0,0,-1313303,0,-1901572,0,115691793
353,617548,6728634,-122280924,0,272902372,403191,0,0,38104659,0,0,-1773541,-19426695,-757251,0,0,-309883512
354,523385,6705273,25747737,0,-1842649265,2920043,0,-60715578,-4548186,-3326036,0,0,0,294742,-10170260,-11472339,-57615050
355,584637,6724636,0,0,325333030,0,11407150,3680134,-2738439,0,0,55752,0,280390,5573232,-1322410,11049765
356,587475,6732106,0,0,0,466625,0,-4237114,2178242,-652273,0,181569,0,249093,984005,-2040554,0
357,592499,6740732,17654366,0,-43395201,-971856,0,4024243,0,0,0,-423018,1278260,0,2498130,0,9728817
358,569814,6669709,0,0,-56970077,-256416,18164571,0,9796528,0,0,-293522,0,0,-906712,-1070313,0
359,572694,6675131,-25366873,0,227064919,-711029,6868005,0,0,0,-22989853,-361176,-2205935,721949,0,4001142,0
360,576105,6681368,-42064598,0,0,1178802,0,8096581,0,-2004667,0,0,0,-376770,8700314,0,0
361,578130,6685227,0,0,-100872811,-711950,24398108,11371036,-17254876,545028,-54827614,0,-2554175,0,0,0,106402859
362,578123,6686190,49038900,0,-75477374,393908,0,0,0,0,-11673008,464404,0,-64664,-3219790,1382149,0
363,578165,6690898,0,0,-87155451,-194243,22069353,0,0,0,0,0,3903258,0,10508939,929879,-28550443
364,580129,6694923,36668597,0,0,0,0,-6198405,10947258,0,0,-132092,0,0,0,-3660925,36974602
365,580064,6702306,-39126120,0,-91382651,0,0,0,0,-6407228,0,-1143025,0,-432752,-4669864,0,11697845
366,581824,6709648,0,0,0,366927,-29701952,20335167,0,0,0,0,0,348127,-1132699,0,28585010
367,557116,6650923,0,0,0,0,0,2905887,1260960,0,-11423969,0,-6093998,-183183,-1203895,2184289,0
368,567566,6666459,-173526374,0,0,0,20239016,0,0,0,0,-689298,7395073,-1198221,-4499002,8697428,-221805673
369,545497,6650639,0,0,-45414476,-377761,25002758,5702392,0,1093377,-14922252,0,4279247,286357,10924929,0,56226621
370,564428,6658894,157735690,0,0,955636,0,-8003772,-8075495,0,-8856844,80443,-2562971,0,-4268481,-1106082,23709469
371,559793,6655999,-30741410,0,0,-1675764,13139335,11454066,0,0,-17882213,0,-1568361,-77500,0,-9697851,-35410917
372,540106,6641390,0,0,167229980,-241296,-33338371,0,-4395954,-1781153,-7502365,225783,1973166,0,0,0,0
373,538770,6632973,0,0,-40892379,0,46138757,-6504514,1288343,-299456,0,1038470,0,112630,-1079362,0,0
374,532583,6622880,0,0,0,0,0,0,13316078,0,0,358892,3784622,-114444,-6229994,-1650532,-64450601
375,529701,6614251,0,0,-78281000,-406915,-72458767,16980003,0,621800,0,114277,0,189566,-2467163,4492796,21589009
376,528668,6604334,0,0,-2974454,-505104,0,0,0,920286,0,0,-2271842,157970,0,-2414724,0
377,527183,6598027,-20849713,0,0,147745,-38675964,-11169932,0,0,16004917,-191701,14889566,-359127,-1788746,1957215,0
378,612999,6727856,0,0,-170812122,0,-6207844,0,-39110663,0,0,0,924965,130403,710363,0,-7938712
379,610048,6726768,-21426019,0,-299075113,0,0,25754476,0,0,19262040,3055092,0,103781,665300,0,0
380,603284,6724145,0,0,38738057,0,10962135,0,-40654245,0,118794969,-13333,9789935,164920,863458,0,-20561024
381,597298,6721135,0,0,-142089545,0,18209195,-7080058,0,0,0,0,-5271433,142999,-50156,-8389021,0
382,588766,6719591,-29244945,0,86598294,497975,-9162557,0,0,0,-13089387,0,-1032652,275347,-475700,-4515452,0
383,584067,6717197,-112375555,0,0,0,26232632,8256555,0,0,0,-2889344,0,-79610,0,0,-18907873
384,574843,6717317,89713855,0,135812853,71803,-2648363,-376237,27155822,0,0,204185,-323288,9455,-6790315,26864214,0
385,569404,6715515,107954888,0,81179542,169495,-1346639,0,-21938875,-109912,0,-743663,807372,-212174,0,-4533653,0
386,559798,6717319,-14740992,0,68774166,1413159,0,0,659687,-126796,34510216,-77715,0,0,-6668892,-1402887,0
387,551831,6717609,0,0,0,141751,0,32084379,-1100465,119300,22439361,0,0,0,0,-7531283,1244899
388,539048,6716898,-21356473,0,-12894992,0,0,0,0,-414064,0,0,-161889,-256385,35257289,0,0
389,535140,6718768,1544929,0,132377292,176513,-11254006,9904464,0,0,1979460,0,0,-1096220,-13440151,0,-6193011
390,534472,6711991,0,0,257705772,0,-1148601,0,0,0,-66728861,54903,840187,1466543,0,6159045,0
391,529375,6708014,0,0,-24604689,974803,-6006175,6216542,32179723,-13479,0,0,-505903,102476,-10288864,-18697265,0
392,520968,6697509,-12462499,0,0,0,0,0,0,0,26408231,195910,5025610,-86519,-5417401,0,0
393,519703,6688228,0,0,0,0,0,-527203,3629,0,0,-922613,-1682222,-549870,0,-5878438,0
394,512293,6684654,0,0,144485198,149699,-5761750,0,0,3865608,19922697,351031,2876365,-171594,9500997,0,12115458
395,512368,6676412,13361486,0,173077400,-1736967,-16639991,-588292,-8356091,-2779932,667338,0,-212348,0,0,0,0
396,510133,6668117,0,0,245076611,-2621362,82133770,0,0,0,0,-964092,987181,0,0,0,-9403035
397,505800,6663429,0,0,-190431032,497892,41066009,0,0,-733204,25607109,0,0,0,0,1725888,82044929
398,500191,6659768,-11805936,0,0,829499,-28393191,0,2563527,0,-5390985,184034,0,0,2876058,4875739,0
399,496743,6644109,0,0,0,1796901,-6286489,0,1793909,-1562764,-2592639,-851813,0,65538,-1705190,0,0
400,460988,6609572,0,0,-81861320,0,0,5667959,0,-1394194,-114902,0,622710,742689,-266511,653428,0
401,472938,6626758,14201900,0,0,0,-8591992,0,0,0,-10153974,0,1070,-142664,-1248387,-4211608,7613176
402,472737,6622431,-9581187,0,0,-320635,0,0,0,0,-3188863,0,0,0,0,875367,121173
403,473578,6618523,0,0,105440343,-456980,-17098215,4834678,0,0,-15729660,48357,0,0,0,-961251,0
404,470058,6611044,0,0,65582995,0,0,0,0,0,0,220214,0,-250713,0,7296880,0
405,461150,6612623,-10316635,0,0,-492964,0,0,-2948787,2357222,24626418,0,0,-112060,-1585935,0,-134161411
406,454415,6611836,-218166,0,-40822666,0,0,5310666,1832397,0,0,0,0,0,-350548,4053801,185847
407,441682,6607145,0,0,-70716822,0,0,-10525221,0,1373468,-12193581,0,515348,0,-20877,5055735,12766907
408,434029,6607821,-3326433,0,0,-178225,3417848,0,0,0,16792582,0,0,0,-415264,5316038,7424600
409,428043,6608157,0,0,-40795809,-189316,-14169605,-9970053,0,1129805,0,-79089,1174323,0,8000391,-3602086,8448902
410,413669,6608098,0,0,0,235559,0,-3862779,0,-22845,-15055273,0,0,0,0,0,13053923
411,496081,6639711,246876,0,0,-3051,0,17783413,0,0,0,-375195,-15418,-111328,-21042,0,141515
412,484691,6632737,0,0,0,-966170,-23015392,-9592969,0,0,0,182202,-2400378,0,-1467733,-4489822,0
413,476647,6629992,0,0,0,-221456,0,0,-997654,0,-110662,196314,976976,0,-2116900,-7455603,20787418
414,518857,6708725,5656215,0,43170562,-2300512,0,6454192,0,0,-180618572,472076,261646,1349405,1524655,-11547314,0
415,507597,6713797,0,0,0,-16056,-1673465,-1955953,0,0,16320537,0,0,0,355139,5904255,0
416,504438,6718099,4752554,0,15993063,-28722,0,0,0,369375,0,66328,6499069,-101553,110547,0,0
417,505158,6726649,1827756,0,103778392,-30887,0,0,0,199057,-16738446,0,-5479486,12425,4169069,-6493972,0
418,500164,6733163,1635933,0,0,0,0,0,0,0,0,-41966,-7616149,0,-56125,0,8962129
419,501101,6737903,0,0,25710702,33339,389974,0,24241576,0,0,-52932,14923657,10180,-246770,0,-1430400
420,501110,6742600,-897417,0,-2770578,99106,-583648,0,47772933,0,0,0,0,0,181515,0,7671503
421,506280,6749950,0,0,0,0,-411135,0,0,0,0,0,-3016596,-20264,-45323,0,-6808792
422,490198,6753144,0,0,-1356642,0,0,0,-35374678,0,-711243,20792,0,-105971,-287386,0,0
423,476160,6763838,0,0,0,0,0,-2563010,-36639831,0,0,0,-6534315,0,0,-331727,721773
424,565001,6668391,48388876,0,-299975628,291561,0,856217,0,0,0,0,-347602,-1624,-674539,-1634017,131972060
425,558581,6673165,0,0,100372108,535627,0,0,0,0,0,0,-901526,0,-472154,0,0
426,554221,6682341,88953408,0,158397138,978736,0,0,252326,0,-6136231,0,-493451,294641,-166408,0,42701321
427,547671,6684755,-10412138,0,0,-75679,3565857,31841752,10724335,-2062433,0,49589,-925182,-66810,-1240133,0,0
428,541785,6690251,-17017069,0,0,0,3566288,-31651203,0,1236101,0,-87898,0,41196,0,12097448,0
429,532769,6696260,0,0,0,-1205310,0,0,0,0,0,0,0,596542,-2759244,-4031634,0
430,527346,6700715,0,0,273206066,377132,0,-15475,-8804727,-985229,-733253,-217962,0,370759,-127934,0,0
431,535864,6655173,0,0,0,0,0,-6124551,5457524,-47743,0,24937,-1872039,0,-176653,0,0
432,529893,6659606,0,0,0,0,-12516220,0,0,-49815,11782632,0,-1564873,-132363,3711263,0,6432557
433,522531,6666683,0,0,0,0,13299321,3211355,0,-138805,-20380768,89489,6411773,446286,-5322978,-4923418,4816439
434,517225,6666083,0,0,0,0,-22387586,0,0,0,0,0,0,0,2064407,9846836,0
435,566295,6628396,0,0,7250957,0,0,0,-9280126,-82515,0,-3407,0,0,0,-2317910,-4602675
436,560711,6637637,23335945,0,2310012,-174169,-7200912,-956560,0,-166360,0,29275,-518287,0,0,0,-6153762
437,556365,6647050,0,0,5013960,498119,3974922,0,0,-641967,0,12704,-1195229,-933,0,-89516,0
438,568847,6609130,1019492,0,-2680964,0,0,-1440645,0,-135195,0,276944,-1275558,-4227,11078,666198,-4936596
439,568627,6619365,0,0,0,0,0,-1901826,0,1858428,0,-312467,3341548,-178,0,1206160,0
440,585115,6607342,-12668703,0,-363119947,-119772,-70567720,0,0,-2418775,0,2014992,-1285782,962868,-11046346,0,351849576
441,591435,6617720,0,0,0,-2029678,0,0,-5380564,0,0,403665,0,0,0,0,142379772
442,589236,6613051,0,0,0,-2600,0,-10036812,0,0,20380768,0,-3290616,173817,0,0,-207506438
443,587636,6608747,30942901,0,-115827930,-1998,2097465,0,0,-1306193,0,611126,0,-481907,0,0,0
444,578515,6604520,-346185368,0,0,0,-31957852,0,-6409729,0,0,0,0,-401068,-21978243,0,18459734
445,569699,6603534,157039620,0,-2364523,9246332,-9003954,0,-6767018,0,0,1515482,-5010741,0,-17764586,0,-43332172
446,545326,6585670,-26778316,0,0,-2310688,0,0,2524820,1880007,0,-4314678,9356280,0,149880,0,-105291289
447,564142,6599977,227077743,0,761860455,0,-65275308,0,0,1083262,0,0,0,-427441,4411744,1788857,0
448,556979,6596853,-4342927,0,0,0,0,1301797,0,1885280,9795178,1499603,0,0,-6667493,0,-17484232
449,547732,6584582,-6339077,0,-656680,190814,153916223,1455158,0,0,82968416,0,0,0,16780446,-1762856,0
450,553946,6589829,0,0,-476964390,-2552139,-84918028,0,0,-3657371,-74908723,-1918841,0,-63039,-13061974,-4556514,-63185218
451,533756,6588400,-59136,0,0,0,-24427247,0,0,0,-53260678,0,0,607305,15795515,0,-82908421
452,540311,6586561,0,0,0,0,54953516,0,49614,0,43335883,0,-10312720,449677,-5922043,6898101,32123301
453,541174,6584955,9699419,0,73135338,0,999611,0,0,0,0,0,0,0,-1241897,168015,0
454,532160,6582393,0,0,-114230,0,0,0,0,47362,0,0,0,22118,-510121,0,0
455,450996,6576967,-5486022,0,0,1014839,0,0,0,0,0,0,0,0,0,0,0
456,456587,6589131,-9384041,0,0,-54703,0,0,0,2140057,0,0,0,0,0,0,0
457,458808,6599633,0,0,-10090865,0,0,0,0,-918276,0,0,0,0,0,0,0
458,459941,6601231,6558356,0,0,-36287,0,0,0,-2026128,0,0,0,0,0,0,0
459,497713,6706629,0,0,1014616752,-1012686,-45738976,0,0,-8041544,117571510,-1215276,0,-1337972,0,11398778,0
460,488458,6705861,0,0,0,1272850,-53081224,0,0,0,31066124,0,0,0,0,0,0
461,485081,6701907,0,0,0,1664227,23694779,16776036,0,0,0,0,0,0,0,0,0
462,472500,6703031,0,0,0,0,27919254,-16514489,0,0,0,0,0,0,0,0,0
463,465043,6712576,0,0,0,1542486,20508663,0,0,8041544,31286328,1287133,0,0,0,-10324692,0
464,457502,6708739,0,0,0,-1166365,26697504,18800730,0,0,0,-543933,0,0,0,10333494,0
465,419467,6584464,0,0,345031790,-700609,2504524,0,0,1171516,13212440,141121,-1942176,142325,1531305,0,0
466,414717,6583093,0,0,0,-111548,-6756841,8959335,0,0,-10519175,249083,-6916563,0,-2483135,0,-43802053
467,411972,6588894,0,0,-121676169,1502862,11455622,-98105,0,0,0,0,5082347,0,-1109031,4393323,0
468,406400,6596000,93085535,0,-192672479,1066476,29601638,-20781537,0,227574,-6342936,-224192,-14739893,0,-3105544,0,0
469,405909,6597271,47197978,0,0,-516322,14784536,12300501,3452533,-108570,-16518655,0,0,0,-569444,3178233,3554241
470,479732,6549642,0,0,0,-139320,-30743620,0,10105251,0,-24153193,514513,2168885,12448,-541155,0,38115258
471,472292,6554886,0,0,0,0,0,0,0,0,0,110676,0,-208043,-2426829,831709,0
472,468061,6565672,0,0,0,-659611,-19145846,0,-6572604,-4795891,37970681,423017,0,189957,4394976,3149833,0
473,466437,6568109,78663767,0,11604847,533426,0,0,0,0,18648949,0,0,-243300,-5611700,0,0
474,457239,6567502,46084876,0,47301545,-106430,19114227,0,0,0,0,0,0,224106,3137208,-7842259,-4462469
475,450707,6573760,0,0,156692471,451384,-22967394,0,-7526420,-5739394,0,201864,2177284,66742,-2427869,0,13109462
476,449176,6575736,151482006,0,-264644868,-391502,16961464,4963429,1382560,0,11067029,-650355,8527433,0,609415,1071142,0
477,443459,6580661,-63342706,0,-59529013,-744593,0,0,0,-3602565,0,168299,0,0,697347,1981537,-36248964
478,434849,6583110,-143945100,0,-62325735,-651626,5417865,0,0,1331228,0,438420,-5928794,0,0,-13064012,13697918
479,424602,6586299,0,0,0,-363451,0,-8265253,0,2410869,5407377,-587989,10518178,225832,3158060,-3882093,0
480,515971,6598391,0,0,0,77403,0,0,0,0,0,116191,0,-21189,-401959,-1249511,0
481,512909,6606277,0,0,0,293130,-3890572,0,0,161459,12856939,1569521,430716,84285,0,0,-3983210
482,507917,6620113,-20763544,0,-23965767,0,0,3399679,0,0,6858986,387134,-2668176,-192147,37267,-2094742,0
483,505473,6628805,20875660,0,-58420024,0,-5178259,3337658,0,2451176,0,498594,-1761991,51845,-158832,612193,0
484,499266,6637227,0,0,0,148332,-1906262,-5460847,0,-542842,0,0,-555998,-185113,-2008265,0,-10532926
485,498981,6658496,0,0,-18467962,2433,0,-362459,2167,-527117,0,0,0,0,0,0,0
486,673924,6580788,-15129255,0,156319903,1213011,-5025421,7267416,0,-50449,28377784,0,-2272577,-283177,-1627034,-1263891,0
487,672231,6581859,-24594745,0,-163735213,1177307,9278955,0,-4700282,3395491,14983551,97022,-2221881,0,7702079,6069160,-9634092
488,674193,6578955,33101835,0,0,0,11136548,0,-3165183,-386484,-20803680,0,0,-319321,5838280,0,50136372
489,672397,6577311,-2654404,0,132923190,0,819677,0,0,0,4251558,0,3708857,0,473159,0,42353248
490,671076,6584623,0,0,0,63730,-8573632,0,0,155677,-2568892,0,0,0,0,0,0
491,670491,6586185,-3081854,0,0,17892,222186,0,0,-14982,-3510220,0,-367230,0,75737,-273520,0
492,671567,6574951,-12336367,0,47431244,0,0,-1649782,12722890,0,0,-440021,16992858,290978,675914,2538894,0
493,671743,6582437,0,0,0,0,7744273,0,-11187023,0,5429026,0,-2715443,0,-1783706,0,0
494,670580,6583400,0,0,0,-128927,-12318406,0,0,434874,1504692,0,0,0,0,629926,-5362004
495,668912,6584003,0,0,0,-4127,11393317,0,0,-94573,0,-90114,0,0,0,0,0
496,672483,6582680,-847496,0,0,0,0,0,0,2554792,0,0,-1926690,0,0,-1479368,-8944109
497,675956,6583235,0,0,-66283538,0,0,-2516739,9287073,-2554792,0,0,0,0,0,381018,152620
498,672044,6576364,-8142276,0,0,-172384,-28101873,0,-92559,0,43675264,156837,0,-471146,699484,0,-24552717
499,669888,6570098,0,0,0,0,0,2895186,0,0,0,-48728,0,-111069,0,6226436,57001956
500,668247,6568187,-15261529,0,0,-627092,9580785,0,4799925,291682,0,-60893,0,0,-854454,0,-61044716
501,665884,6566571,0,0,-3170469,0,-12928373,0,0,151500,0,0,0,15728,0,0,-19923319
502,665389,6566261,0,0,0,365312,0,0,0,0,0,0,0,0,-18869,-154121,-27710673
503,662096,6565716,1498744,0,-60557333,18723,0,1574194,0,-7399,0,971,0,176866,78016,0,0
504,659554,6565262,-12253992,0,-65023308,15069,0,-166399,-64132,-72346,0,-63597,0,18613,-62156,0,-9259796
505,658267,6564870,16640234,0,0,14278,-11185877,8222724,0,-342123,0,3532,-830890,0,0,-813324,-12539620
506,655058,6564353,19782700,0,46932545,0,6608170,-5975596,-4986193,-20888,0,-24987,489053,0,-72982,0,0
507,651885,6563678,-12460225,0,-17782190,-36608,0,-2453738,0,-13805,-542035,0,687439,0,-47130,-317770,0
508,651279,6562834,-815675,0,-169765,-1053302,27956717,0,6381138,-450339,0,0,0,537867,-4318560,-591654,0
509,651243,6561248,0,0,-16426449,-72887,-6134916,0,0,0,0,7286,0,18483,-244784,0,9286388
510,650758,6558674,-362839,0,0,0,0,0,-330999,-381014,0,59709,201798,0,0,0,16850402
511,647135,6553329,15016639,0,-51825222,0,-23457256,0,-525226,-527163,14176614,0,2310524,0,-4365116,5732344,0
512,638726,6547837,0,0,233462539,-365022,0,-441172,-279440,0,0,0,0,223747,-313052,-1538901,8873060
513,632674,6547755,0,0,0,-300174,0,-5273414,4282428,-1064519,0,22152,-3198047,0,-561762,0,48102424
514,627013,6548663,0,0,5408106,561565,11900597,2248147,-4501313,-704302,0,-195928,529118,0,0,-3540358,-37059955
515,623541,6549344,17353824,0,-109299383,0,-7838135,0,0,-456102,27162265,263760,-8061917,549188,-251257,0,55453156
516,614920,6551010,-27850145,0,-103779259,-242053,-12219312,-3604104,0,-1040579,0,5030,2782487,-414487,419469,1265775,0
517,606969,6551327,0,0,-94081392,-705824,0,0,2363453,0,-32098649,315509,2406443,49574,-1747890,-1124667,0
518,604819,6549930,-7461041,0,0,-99811,0,-2358345,0,656544,0,0,0,213925,0,0,0
519,598495,6548595,0,0,-87604539,-361570,-32944344,-1776825,0,-1017009,0,0,-2957071,0,-493328,0,0
520,590922,6547472,-26811316,0,0,0,0,-3653310,-7008716,0,27154183,26548,0,0,1034153,-3256060,0
521,583467,6544328,-8206818,0,-219911100,-584441,16560574,0,-1242960,-523280,0,183383,1709798,0,-583514,-2634162,0
522,577157,6542175,0,0,0,366594,0,-1881513,0,0,23031361,56258,0,0,7395719,-1388962,0
523,561163,6541610,-12705289,0,0,-376450,-121032882,-19722250,0,0,0,84779,-4241640,0,431150,0,0
524,550295,6545070,0,0,0,0,0,0,1210821,-476301,15241055,0,1134961,0,-306894,0,-12385879
525,541469,6545852,-447087,0,70806412,-211422,0,0,0,0,6704223,0,0,0,-1501677,411467,0
526,530716,6547490,-3096801,0,16041825,-228324,121032882,-3382001,0,-493132,0,46069,460241,0,-1703195,1814609,0
527,519501,6547214,-4823749,0,0,377272,426859,-15198522,2612571,0,-14324564,-342033,3687205,0,1116359,-346990,-34315102
528,503403,6546585,119126946,0,-148288917,2206615,174937333,13716414,0,9091861,-74361355,-5525150,26567424,-241119,38039981,0,-95234685
529,651385,6561240,0,0,243323995,-688490,-8655202,-2614153,0,650326,0,-720655,0,0,-899633,-4454377,26042936
530,667224,6566413,0,0,64825073,156638,0,4577005,1163780,3583924,0,0,563016,104422,-405604,1595891,0
531,657981,6560482,-2780748,0,0,0,35667196,0,0,815065,7813577,-72596,2295691,-272088,-1432585,0,25152635
532,506379,6547530,-23243314,0,748754502,9776011,0,72558426,0,-18179322,0,0,0,0,-3711001,0,109593601
533,501091,6545639,0,0,-250641664,0,0,0,0,0,0,0,0,-567083,5838533,10612220,-62887250
534,505104,6542280,-16793688,0,-61597763,-431770,0,0,0,-2146464,0,0,0,-62758,0,0,-31639790
535,498929,6545133,0,0,0,1924828,51958020,0,0,3708158,0,135283,0,276563,0,12721722,71547963
536,569475,6540292,-20177941,0,0,2137968,0,0,0,-2356549,0,245724,-9946908,0,-1419965,0,0
537,645499,6545700,-440760,0,-89011695,0,-292189,0,0,0,0,0,0,0,356538,268065,110420
538,643765,6536707,0,0,-28413681,-108509,-2788416,0,0,0,0,-34016,183584,0,-6310,-158667,0
539,634168,6528482,0,0,0,0,3065561,-138769,-156180,0,262720,125143,-144167,0,9411,337891,3404677
540,629016,6525340,-2383865,0,-18289443,-119773,0,-1997509,-712533,0,0,0,0,17639,-7168,0,-6126783
541,621192,6517697,-443481,0,8665689,23807,-2552793,-96011,0,0,-6738453,0,-207033,-14199,-51539,-725289,4088301
542,615535,6514673,0,0,0,547219,-29515771,0,0,0,0,-120338,4383996,-38893,-1509179,6137653,-3499716
543,606991,6513804,0,0,0,0,0,-1574194,0,-1301522,0,-188593,-154808,-15026,1810976,0,0
544,599815,6512758,0,0,0,-711106,-21832471,-2363393,0,0,0,612700,-1440446,0,2108909,-4923418,0
545,591344,6510404,0,0,0,-210250,0,0,0,-355428,-45410222,0,264071,0,1386641,0,0
546,579014,6504633,0,0,-9972750,-295658,0,0,0,-883216,12783625,0,0,0,-3717420,589810,0
547,573283,6503617,0,0,33895199,-1014839,20222445,0,0,2302395,11911418,-146285,251944,0,-93730,0,-118753
548,569013,6530217,-34151384,0,0,-1863159,-4545870,-1070621,502097,0,0,79409,0,-679942,0,0,-18506986
549,566886,6516570,116006267,0,-100680916,1945422,7901717,0,0,916121,0,0,2174053,84357,1806167,-4032720,55214511
550,648345,6638550,0,0,0,248107,0,0,0,327600,-1731249,0,203440,0,0,-2452013,-36221072
551,646262,6639501,-1274763,0,-67098479,0,-950217,0,0,0,0,-7722,534081,0,169289,0,-2453000
552,658020,6620679,-3596920,0,8228552,-543361,743478,1433854,7442471,576153,0,0,3473915,0,-6894,189803,-16041234
553,656714,6624124,-60431,0,0,17711,-2645912,0,0,0,-3059158,0,0,-99520,0,0,15176309
554,654689,6629785,4864448,0,19374611,0,0,0,0,0,-921784,0,-584265,0,0,850928,-7986761
555,651496,6635465,-278799,0,0,12600,-11949,0,4828399,0,0,242864,162959,0,-1732,-520479,-37848431
556,636027,6638465,1153921,0,-64648147,0,592080,0,0,-171838,-379863,0,0,0,0,2769423,427575
557,623296,6640658,0,0,11283511,0,0,0,0,0,0,28639,3578593,0,0,-283408,0
558,609611,6645563,0,0,-2666938,28607,-632815,0,0,-107874,-339481,0,0,4776,280915,0,0
559,603542,6646227,0,0,0,-50417,-395537,0,0,0,0,0,-1976757,0,-305651,0,391712
560,597456,6645753,0,0,13003952,0,0,0,0,-133536,0,0,0,0,159024,0,-3736514
561,589691,6644223,0,0,-107979375,-190848,3579303,0,-5452748,0,0,0,0,-231303,3283279,0,-81233271
562,668181,6589289,7848370,0,0,0,484942,120454,2527308,0,2784856,-10816,0,10841,-140233,0,-1186445
563,667775,6590278,15940864,0,0,59103,529932,591146,0,25072,0,36048,-74362,0,0,-339287,5460346
564,667293,6591402,-6389903,0,0,4579,359865,0,0,131722,-11126387,0,528289,0,-64864,-795586,3411040
565,666342,6593076,-3585620,0,0,0,8151685,0,-586640,0,8557162,26309,0,0,-90392,114871,1919007
566,665733,6594848,0,0,89979903,7724,0,-1117234,2293173,0,0,-13550,255696,0,409737,-506241,-2703480
567,665141,6596623,-8149906,0,-21265376,34319,199295,0,-4496181,-264536,-3075002,97162,-62209,0,-451614,-461057,948037
568,664013,6601588,-2602447,0,4608026,-15064,428955,-193231,-145125,0,-3810326,-39767,-143183,20791,4589,-546754,0
569,663677,6604933,0,0,0,0,0,1084077,0,104169,0,0,487490,0,-167669,4116504,0
570,662607,6608649,-352101,0,0,-38969,851794,651646,-5987,62033,0,0,-539143,-4835,0,-338547,-1125946
571,661774,6611469,-4112574,0,276739184,0,15252293,-5194312,3276398,171723,3772683,196244,0,0,733156,0,35063726
572,661368,6613430,0,0,0,-48945,526270,0,0,0,-1578176,8960,0,0,0,403563,0
573,647517,6640719,-8181016,0,0,-307280,181050,-14618787,0,0,0,-193547,-3814187,5214,-1820773,0,40703974
574,648462,6644534,1632188,0,-82709893,0,453555,11055828,0,0,-3128780,49027,0,-169413,-16098,911601,-60177222
575,651119,6649635,-337953,0,0,-222915,0,8699344,0,36133,2962224,184853,226158,0,363237,-705772,0
576,652177,6657351,42286044,0,-50841245,-291817,0,0,0,0,0,30021,2634987,0,2718020,0,0
577,651939,6659735,0,0,-10489917,-597049,-22553039,7905379,0,92169,0,-5489,3476610,173977,-2760214,-1205748,0
578,652263,6663405,-8396106,0,-4648838,-18133,-9289735,3519833,0,-476458,4056301,-364864,322183,0,0,0,19266610
579,652287,6669539,0,0,0,5860,-13100290,0,0,0,709425,18753,-266783,0,-3353305,3580399,0
580,649721,6680018,-11969576,0,0,-586029,326267,0,612247,1200204,4738160,20565,-976756,39074,-74909,-2441955,16939042
581,645729,6683169,0,0,0,-519858,163574,0,0,1976199,0,619314,0,-542048,3279570,0,11412860
582,642368,6688505,-21665525,0,0,-107575,0,0,0,-909864,0,59841,1367379,0,-945962,0,10631456
583,638685,6692565,-2136386,0,-100598612,-345925,0,3474651,0,0,-5060296,135041,1544963,0,-1100917,-499951,0
584,632235,6698868,0,0,0,-1216644,-9922736,0,0,3972,0,389435,0,-224933,-1864547,21862,0
585,632060,6704013,6049546,0,0,-820869,0,0,0,-576476,0,0,0,0,8551627,-473896,0
586,633057,6707327,0,0,-139996306,50465,0,0,0,0,10774343,-61607,0,316160,134231,0,-22948269
587,633551,6708617,-31777543,0,-290149581,-849249,0,0,4194185,0,-5923519,0,0,0,-2938780,-641909,30023255
588,633134,6715739,57036353,0,0,-131876,0,1120463,607328,0,-5106054,-329633,0,1016848,2945920,119774,0
589,631641,6723163,-9163573,0,-43699426,2388966,19348265,1288049,-9061864,873772,0,17794,199920,0,2163384,-2181470,66690897
590,631543,6723639,0,0,-45096378,-417399,0,0,241376,0,9466182,143108,-3425291,-2967,-2947938,0,11441686
591,631316,6724768,21540139,0,134790637,1438382,0,0,5419124,-9147317,0,165518,-165069,0,-2949,0,-58285221
592,627783,6726169,0,0,118563860,2146381,0,-20115682,-32985,1262303,0,-1036758,-78561,0,644837,0,297832869
593,627363,6726219,0,0,0,-532547,-67600013,0,-6447873,-1212991,0,-1672080,0,0,-25950,0,-40615843
594,622562,6725979,-9396347,0,0,0,79046662,0,-7987831,9658949,0,13770,1323264,0,3172646,0,-143985822
595,658151,6676593,0,0,-124625199,-112139,0,0,-3274515,0,0,-638298,13186597,-39074,15486348,0,0
596,676617,6675264,0,0,0,0,8609335,0,0,5358657,0,0,-11449481,0,0,0,0
597,692654,6675321,-6892857,0,0,784846,0,0,0,-8444916,0,-133739,1164156,169737,-19619083,0,0
598,700193,6662511,0,0,0,-605949,0,0,0,-1046953,0,201355,833778,0,0,0,16819399
599,582684,6650880,0,0,0,0,-4460027,276648,589092,-988967,5444829,0,0,-39755,-1051876,1711614,24705365
600,575366,6659821,0,0,0,-48580,-1736157,0,0,-878539,0,-52181,0,0,1628860,2681541,-6968224
601,591990,6631411,0,0,0,0,54045030,-15218831,12701147,-3193476,0,0,0,-250868,3822056,0,0
602,648991,6600050,0,0,0,-369286,12865812,1062592,0,-1383119,1195238,0,-1037163,0,-2993755,1176595,22667042
603,645591,6602293,0,0,0,0,0,-62968,0,-2042233,1341188,0,0,0,0,0,0
604,643031,6606187,6819548,0,0,-86059,0,0,0,-515121,0,0,6791557,0,0,0,0
605,633723,6610818,0,0,115827930,1174643,11483732,0,6499416,-1241043,-23471079,3114,6009362,-26854,0,0,0
606,625984,6612210,0,0,0,0,0,0,0,-1907821,650684,0,-915305,-87167,0,0,-2858491
607,617735,6613682,0,0,0,-765580,4152688,0,-4045834,2623514,0,0,0,0,-33739,0,0
608,608637,6614522,0,0,0,0,0,-3803964,2506528,0,0,0,-2235363,0,4318560,0,0
609,596928,6615899,0,0,0,0,0,0,0,2826504,0,3114,0,305484,0,0,0
610,666612,6585006,5735692,0,0,0,0,-3455090,0,0,0,0,0,0,0,1116758,0
611,664563,6586405,-11690283,0,0,265298,-5771083,-1330458,-33068,0,0,0,-168547,0,0,-920845,0
612,662769,6588561,0,0,0,0,0,0,0,0,0,0,0,0,0,0,0
613,660733,6590667,19990390,0,0,-2197,0,0,0,0,0,0,0,0,33739,0,0
614,659134,6593781,-167232,0,0,-146879,66094,7072003,-60597,1181192,0,0,-188148,0,0,0,0
615,655929,6596521,-10034399,0,0,0,0,0,0,0,0,102812,-1941312,0,0,-2028164,0
616,585559,6582152,0,0,-63394864,-82525,0,-20590688,0,0,0,0,0,0,0,-4244953,0
617,580301,6585752,0,0,-13071044,0,15287689,9440520,0,556324,0,0,893569,422844,-36151,0,-10161966
618,576073,6588438,10779721,0,127015059,928,11428461,0,0,205455,0,-1030945,0,201369,-85881,0,0
619,643349,6561610,-478840,0,-65122,-448,4813016,0,0,894717,0,0,3915,0,0,0,-37285021
620,638984,6562488,1269598,0,0,952694,0,-6202322,0,808240,0,-101854,0,-548214,0,0,0
621,633358,6565713,-8157645,0,2372816,-171531,5999974,0,0,0,7380806,0,13201,-112111,1178933,0,0
622,623710,6569630,-13785443,0,0,402728,-32881766,0,0,-607901,-4933686,-94134,0,0,0,-173441,0
623,619747,6574277,0,0,0,-17521,2677461,-1605678,0,-2185666,-7274355,-110682,877795,0,-982401,0,0
624,616785,6580147,14532790,0,0,0,12189295,2884140,0,519764,29394675,0,0,167720,0,0,-21898504
625,615260,6583042,21858897,0,0,-799766,-4460027,762313,0,-686359,0,196903,-1699334,-121147,-3385848,132125,37285021
626,608767,6581376,-20654387,0,0,0,6756475,1076836,0,2266400,4060231,235203,0,0,-962474,0,0
627,601963,6579665,0,0,0,-14358,4905572,3318182,0,-1401933,-27996208,0,821539,206440,4155748,0,-15532161
628,594508,6578785,8243262,0,0,-312076,0,0,-6375381,362937,0,0,0,0,0,0,37430665
629,678848,6560092,0,0,0,-1220980,0,0,0,0,6671962,0,0,-364688,0,0,20613892
630,679149,6562777,8880311,0,0,0,0,0,0,444407,6088954,297694,0,75005,-44036,0,0
631,679983,6568735,0,0,0,0,0,0,0,0,1163090,-187033,-1308664,316141,-108272,0,0
632,678632,6569613,-7822225,0,0,-808700,6879420,0,0,-1451748,0,0,-1640505,-39771,0,0,-29711501
633,677073,6570533,16152883,0,0,0,4991961,0,0,515145,-15088299,0,-1406200,0,-33256,0,0
634,673424,6572669,-4922291,0,0,409334,5968726,0,0,-201781,-10322620,0,0,0,0,0,14031430
635,562586,6588208,0,0,162123120,0,-15293915,0,0,0,650797,0,0,-393104,-11181,0,0
636,621785,6505271,0,0,0,1217014,-9130580,0,0,0,0,0,-4383996,0,0,0,0
637,615777,6513679,0,0,0,-1217014,0,0,0,0,5807684,0,0,0,0,0,0
638,598299,6525983,0,0,0,0,7888875,0,0,0,-42917590,0,0,0,0,0,0
639,589965,6542478,0,0,0,0,0,0,0,0,0,0,0,0,0,0,0
640,574227,6591798,0,0,11915518,0,-612161,0,13827,111376,0,0,0,-166,-56689,0,-16874673
641,571767,6596523,-5523339,0,0,5811,846913,9519441,0,0,0,42437,0,0,783427,12673,0
642,591460,6547998,5276362,0,-9707930,2563,2243157,0,49779,298134,0,-5314,-2667076,-80089,-29039,-774431,-2609628
643,589338,6552325,-4743830,0,18061220,0,-2074372,0,-585739,-382507,1331140,0,393331,0,0,0,-11483301
644,585915,6559058,13005128,0,0,14427,7280889,0,464061,228815,0,42092,2225111,0,-6901,-242712,-6080693
645,583297,6569101,0,0,-58608329,0,0,0,1041449,286192,0,78735,0,-313758,-99744,0,-16888733
646,583078,6573835,-24508286,0,0,-236292,0,0,0,0,14474564,18135,0,2881,-17985,0,-14491221
647,583829,6577931,-4795459,0,-7670652,-4292,-21489101,-261143,-961732,162627,0,0,71155,0,934498,0,20971107
648,536474,6475311,54660129,0,-202119927,1371416,-11463543,0,0,0,0,0,0,-145379,1513351,0,21490755
649,568681,6495702,0,0,0,-6292168,41205498,0,-13550296,-1008052,25666662,-446784,10311872,804579,0,2662672,0
650,568543,6502437,23996473,0,0,6325907,3599164,0,0,0,19507658,-51843,-10252777,-745025,-1875090,0,-58299178
651,565308,6496625,-42197660,0,0,308792,15435126,0,4243381,0,0,177611,0,-79188,-227633,5338033,0
652,556408,6488824,-7533233,0,-91694459,3951744,12946226,-2380177,0,0,0,0,0,-21029,0,1908947,-73073266
653,556637,6485560,-9538065,0,0,0,10136141,0,3055885,0,0,-38111,0,134679,2985834,0,-26509210
654,553325,6482344,0,0,-38437096,1293945,0,-3129383,0,1531817,0,56338,2328371,0,-4201114,0,66639026
655,545842,6477552,0,0,0,-831924,8965963,6362261,0,0,0,0,0,-114231,-74940,6624903,16287266
656,525319,6471487,0,0,79563427,1609420,7535316,-550618,-5546505,0,5479820,-31465,1159070,0,-981021,5371791,0
657,516867,6467490,-51102332,0,0,-359680,-14186739,0,2847229,-934516,1683348,17936,-4419633,-90769,1124173,0,-6498802
658,492242,6542463,-156133472,0,0,-1953081,0,-9001213,-12359296,0,-21709186,316886,0,-325633,0,6500303,0
659,486737,6541344,0,0,0,-882360,13948263,-14981613,0,3995821,-13568683,351137,0,0,0,8449903,0
660,477851,6538882,-246393831,0,363406816,718395,0,6589656,0,6848365,0,720047,0,0,-7893235,-17400007,97364162
661,467926,6531967,138793792,0,-75807645,-336415,-61618342,-10300197,-21114395,0,0,0,-4705059,-159691,4775790,0,0
662,461584,6526005,94699119,0,-324172246,-1068223,0,-7570887,-5890930,-3307717,-5141380,-329776,-2808890,0,0,-5798264,52425720
663,456991,6519527,-36303587,0,0,1449032,19777879,6446862,-4513866,1552124,-9750557,536805,0,0,-567626,2668925,26573601
664,453776,6514095,0,0,0,1219699,0,0,0,-1618039,-20196552,0,4061595,-189531,1347957,0,24586963
665,449426,6507486,-39163986,0,-66299232,-448045,0,-8110411,4209448,2242941,0,140890,4943137,0,0,0,29757602
666,444231,6496706,0,0,-41890841,-1805468,82055557,-10751391,0,-723165,-7512996,319330,0,-135135,25042090,-6096237,-41297803
667,439371,6486125,-63372569,0,0,-629427,19368483,0,-5604115,0,0,-102632,0,0,2131218,4596147,8397969
668,432874,6472597,-37309233,0,0,973276,0,-15358868,0,0,-15100552,-654499,0,0,-1705972,9136066,0
669,429131,6464644,-13530336,0,0,343729,-22821160,0,0,-3657369,0,-220172,-3934022,0,1572746,5334324,23152214
670,424489,6459817,-26359931,0,134737830,-977911,7837862,8035491,-4669334,-1972745,0,207139,-4289096,0,-2802055,0,-59912268
671,414834,6449191,0,0,0,700256,0,2499197,0,3049176,-16004418,0,7578428,918948,3756793,10453057,-75007486
672,503515,6539851,0,0,68980653,0,-57948014,0,-40264157,0,0,0,0,0,-685888,6593675,-9134574
673,502920,6531363,0,0,-72219996,1492204,-165698698,0,0,0,0,613364,-820430,0,-722547,-5469235,-48492698
674,509349,6523681,-2415784,0,0,300568,0,4024664,0,0,0,0,0,-714252,-470870,0,34616394
675,509340,6516915,0,0,0,-1227477,8536672,2907963,0,2777020,0,590353,3711465,0,0,519401,-36655497
676,509559,6511704,-11038521,0,0,640025,-1035469,0,2526579,-6462816,10430155,0,0,180895,-11957945,0,-3677191
677,508797,6506825,0,0,0,0,0,1541545,0,0,0,1328400,-13532115,0,8701981,-6769986,0
678,507034,6497910,0,0,0,442411,-20744029,1647992,12099796,0,0,876881,3282030,69362,2352555,9261305,0
679,502805,6488556,0,0,95019082,622328,0,0,-3089752,0,0,0,-3675535,0,-1723189,0,-28703443
680,502298,6479775,0,0,0,1258442,10121763,0,-6986197,-3171261,0,0,6482202,-340101,7060698,-1330896,35171522
681,505409,6472429,0,0,209824240,252822,53233724,0,0,0,0,0,1924226,0,-1148841,-5113648,0
682,508068,6554263,0,0,0,0,0,0,13768121,8941661,0,0,0,-304873,-3828158,16733666,0
683,509290,6562086,-71146328,0,-489524841,1269434,-67186183,0,0,3524722,0,2879822,-4263398,0,0,0,54920377
684,512437,6578948,0,0,166194495,-11806560,0,8102019,0,0,-13607610,0,0,-473597,-10717066,-6055327,-77675278
685,514052,6586511,-42907714,0,0,-902137,11668403,0,8410296,7091303,-6926064,-1232018,-11013398,0,-19375072,-13465357,0
686,520611,6592180,0,0,0,-4549805,0,32056288,6048908,8504285,0,5328915,-14671103,0,40790243,-4269397,-78697857
687,512022,6571051,108970142,0,0,4184358,-146696924,-37304569,12840888,0,0,0,0,0,-7646688,0,-94794052
688,454721,6524147,0,0,0,0,-13467532,2564355,0,0,0,0,0,0,0,0,0
689,448068,6521056,0,0,0,-991191,0,0,0,0,0,0,0,0,0,0,0
690,445493,6518716,0,0,0,0,0,2284160,0,0,0,0,0,0,0,0,0
691,438635,6512722,0,0,0,545654,0,0,0,0,0,0,0,0,0,0,0
692,431970,6508497,0,0,42077367,227248,4097155,0,0,0,0,0,0,79976,0,0,0
693,321168,6400299,0,0,0,-757582,0,8510399,0,-206480,0,0,10416081,131379,5331371,0,54571226
694,320324,6402352,-70380480,0,108108206,8623781,46140621,-26242589,55393124,-4532092,-123897421,-281622,0,0,0,0,44983796
695,321386,6397481,0,0,85891568,-92917,-4631061,11688558,0,916969,0,0,-6751347,0,-1844613,0,-49832926
696,327535,6403532,-32177273,0,0,-2865248,-37660327,0,0,2668692,0,-56109,0,0,0,0,0
697,325349,6402755,-48863430,0,381206874,-710577,0,0,0,-3367703,-4723014,-1097859,-2708993,0,-4696584,-9262522,39299792
698,322457,6401971,0,0,-313717101,-4509274,0,0,-29504145,0,0,833974,-29588041,-650131,-10277463,0,-96566779
699,321245,6401322,0,0,-950954834,4553757,-16985743,0,-33728526,-4242993,204987632,-416984,40272388,-1599171,0,39321671,0
700,320850,6401250,-1360437,0,528857758,-320961,0,-1153684,0,15670337,0,0,1684003,1394807,0,0,0
701,319716,6400328,14977,0,0,-135772,0,0,0,559086,0,0,-2055548,-77449,0,0,0
702,321696,6403195,5262791,0,15276252,0,0,0,0,0,0,-985212,-378893,111276,0,21822806,-18315704
703,324125,6402500,71103021,0,625451846,0,0,62034754,40919817,-6030532,-94973174,-520617,0,0,29525598,-30464002,0
704,315217,6399488,0,0,190596367,-2645770,4543239,-81092460,-29735284,-5472309,0,387531,0,0,-20084632,0,0
705,312839,6399576,0,0,0,-2969590,0,43212105,0,-10860432,0,669287,0,0,0,0,51754215
706,401807,6445371,0,0,0,1338762,98123608,19531382,-9366456,-1046357,0,0,0,0,-6689472,0,16831915
707,393573,6442898,118280637,0,100054540,884525,-115133947,0,0,-1433333,0,308584,2990539,-528715,0,-7315784,-93052486
708,383288,6439223,0,0,0,-802660,0,-11360515,0,2154630,0,343595,0,77079,0,14227085,57141522
709,370633,6434276,-111138701,0,377092849,0,24336458,0,-8489872,2304370,0,-599833,0,0,-5832528,-27470923,57865189
710,361175,6429802,0,0,0,0,0,0,0,-1519367,0,283054,0,81655,5839142,-6469266,0
711,353852,6423240,0,0,0,-927642,0,15607856,0,0,23245936,-656682,-3689907,-300493,5667825,10818704,69146229
712,351089,6420094,0,0,0,-919752,0,31433435,0,-1490314,24464317,0,0,0,9489361,16758843,-80931516
713,350250,6418989,-58648318,0,-43131412,-858647,5837634,5366760,13155722,1849925,0,0,0,-149514,-2968827,0,-66392059
714,348049,6416149,185321640,0,0,0,0,0,0,-1587844,0,361527,0,279278,0,0,0
715,347742,6415876,0,0,0,3357380,0,-14592752,-8125278,3361089,-4808967,111599,-4255600,119666,-19909406,13113668,0
716,343238,6410613,-31640976,0,-413266040,1516077,0,0,-5698803,5901605,-16443671,0,0,121437,-3054728,17126261,59801960
717,340374,6408690,0,0,0,0,-61815725,0,5179916,4064517,-2783031,47410,0,0,3298313,-5091460,-43512549
718,337789,6406304,92024534,0,0,-926907,2639969,0,8925676,0,41968484,0,0,179046,0,-5676262,-67194825
719,336906,6405568,0,0,-292547104,1116883,-43555626,-16725446,31074145,0,0,1326552,-4776589,-304416,875022,0,84495529
720,335801,6404715,0,0,0,-1212412,0,0,-1114601,0,16063209,0,-1226422,301503,-2636973,-26809951,30862762
721,332911,6404476,0,0,0,-1949105,0,8205994,0,-2682322,0,0,-4547503,-201823,4027917,5146469,0
722,331801,6404370,90988895,0,171156166,3591804,90121961,12068655,0,-3687047,-57063212,263448,0,0,0,-10225556,47464020
723,319667,6448919,3633229,0,0,-167867,0,-430847,0,0,0,0,0,0,506082,0,4369339
724,319184,6457866,-11408212,0,0,0,0,0,-116010,0,0,0,-1199530,0,-175812,0,0
725,321230,6471776,0,0,0,0,0,0,0,0,0,68634,610801,0,0,0,-1099130
726,316531,6411094,0,0,0,0,0,0,744208,0,6687440,-887529,0,0,0,0,246920
727,317132,6417547,0,0,0,879823,0,-16119738,0,0,0,1156161,0,0,0,0,1283450
728,313613,6426870,0,0,0,0,0,0,0,-231892,25416408,-837431,239586,0,0,0,-3270209
729,313104,6435169,-574252,0,0,-1147502,0,0,0,0,-40761535,438025,0,0,-330270,0,382843
730,312732,6441211,0,0,0,-2104607,0,0,0,0,0,0,0,0,0,0,0
731,322040,6395151,0,0,-135939531,-97810,0,0,0,0,0,-509077,3611410,-99590,-1555718,24711422,0
732,323570,6389743,0,0,-48694255,-122879,0,2058264,0,-713841,20697037,0,0,-147254,992822,0,36276970
733,325322,6385270,9552960,0,83865093,319802,0,0,0,-641196,0,0,-2096958,82473,1739963,5760637,29582018
734,326462,6381052,0,0,-86343818,0,0,0,0,0,8747604,414400,1784101,0,-1191116,0,-24244165
735,326131,6379945,34930892,0,0,-268243,-9894088,0,0,0,26902344,-449419,-3345019,0,0,-2147053,30815889
736,325363,6378367,23775012,0,-148224313,1135622,7604755,0,0,-235541,1299785,0,0,-164051,0,-6724128,0
737,324976,6375640,39349989,0,-36585613,451933,-6807742,0,-3960534,413107,-8811618,11001,0,82300,2474934,0,0
738,328890,6365992,0,0,-71043343,0,0,0,0,-179155,0,0,0,0,2065402,-10697928,0
739,329558,6356401,-19805154,0,125461448,-326110,9530973,0,-2707789,-677777,8181625,0,0,0,0,0,0
740,330787,6347432,46640888,0,586159847,-69581,98905807,0,0,-234730,0,-395547,0,0,22677460,0,-83026393
741,333348,6332926,105276409,0,-879337905,-410829,-122514984,0,0,-324177,0,-181240,0,0,-19814705,0,-22925952
742,336988,6329401,0,0,0,-272630,-1363807,-1978273,0,-995730,0,-780013,-3162388,-359591,-1950196,-11077634,66831142
743,341654,6322625,-120701664,0,0,11667,0,-2769645,0,0,-6291296,-88056,0,-238921,0,0,0
744,345246,6314599,0,0,148371194,-421849,-26030205,0,0,6309848,-35208566,944894,0,276061,0,0,0
745,348353,6311189,29075113,0,0,1286568,50912405,0,0,0,12935175,-627866,-1239329,144613,-459010,0,40181773
746,356437,6305761,42817670,0,47146946,-324945,0,-2102916,1051933,0,0,0,0,-142745,-1207191,0,0
747,361218,6296104,0,0,115468167,0,-9651729,0,0,0,0,0,0,0,4680796,7191764,0
748,369073,6291561,0,0,-1435194,0,0,0,0,0,4648392,0,0,0,-2429354,0,-17610658
749,377065,6273638,-63465019,0,0,177056,7362510,0,9360945,-564945,0,-201540,1226946,-2511,-324767,0,0
750,376859,6263823,0,0,0,0,12900523,0,0,0,27636666,0,676566,79167,-516118,0,-3187514
751,370810,6256004,0,0,0,-61238,-3966549,-7272773,394544,25985,0,60650,0,76646,-547746,-1796483,-5154902
752,368547,6255419,0,0,0,-138748,0,0,0,285967,0,329534,998134,0,0,3872657,0
753,363171,6251823,12454073,0,0,-69322,3897206,-2577631,0,-355012,-4571164,56883,0,0,-750446,2790737,0
754,364860,6243399,0,0,149838851,292694,3530714,0,-89755,661588,0,178956,683169,0,-476468,364169,2588591
755,366989,6235616,8991711,0,-211264707,-503945,2584327,0,0,0,3791250,0,-429624,0,0,0,-5775992
756,346989,6309248,0,0,0,0,0,0,0,0,0,0,0,0,0,0,0
757,370661,6284282,-53420743,0,40698086,0,-38684181,0,-3079034,-1572343,0,2420002,-3182543,97661,-2972370,0,-28550050
758,369157,6282646,35195620,0,48045049,-586277,-15011043,0,2554973,-431655,0,0,0,1108744,20881551,-18099663,-150694144
759,372066,6279096,-26698842,0,0,-70705,3014079,0,0,-309042,0,0,-1044885,0,0,5751540,0
760,404670,6597465,0,0,-164153602,0,0,0,0,0,77477139,0,2917995,0,0,0,-4421562
761,399185,6599283,0,0,-53136965,0,-17766580,0,0,0,8236357,0,0,0,0,-1916385,0
762,393749,6602142,0,0,0,0,-4405885,0,23971,49876,-18523717,-2712,0,-92,-13126,0,17528457
763,389860,6603750,16373259,0,0,-163769,0,0,0,556184,0,-158923,-1679144,0,-34800,0,-41696421
764,384989,6610594,9130972,0,0,274916,-15473022,0,0,1356536,0,28633,0,0,0,3865789,0
765,384175,6611150,0,0,0,0,-3697491,4439225,1988347,457914,0,60533,-1002017,0,-22129,-4639650,-17781575
766,381917,6611561,249810,0,0,0,0,4938248,34831,0,-5904309,-224321,-44948,-3752,-1368842,4961532,-23315215
767,377579,6611852,-18046892,0,0,294713,0,-4439225,0,521430,5862425,-373601,-194229,0,0,0,24733650
768,364238,6615302,0,0,0,95150,-3326999,0,1344880,0,121150,122900,0,-1727,-19198,0,0
769,357148,6620509,0,0,-82812437,-101025,0,0,0,687256,-44742154,-109325,0,0,916755,2328214,-45490647
770,352103,6628557,0,0,0,278464,0,0,-1901445,6448,-5879578,-163639,-224118,0,0,2177387,-2861533
771,352165,6635038,0,0,176914690,-296751,-11673364,0,0,0,-87605,31357,-314741,0,485783,0,0
772,351155,6638508,20465299,0,0,406285,13380081,0,0,0,0,51545,-379243,3441,968032,0,0
773,348856,6641478,16902229,0,0,-134033,-4294384,0,0,265875,6224210,-301342,9210794,0,-954092,66324,14559570
774,328790,6427299,0,0,12496943,-351602,-38018709,0,-5468446,0,0,0,0,125128,2122476,0,9922556
775,325890,6423327,-4731584,0,46501663,-1497733,0,0,9496469,1160460,10909442,0,0,184766,-7600655,0,-7609752
776,324721,6420568,0,0,0,1669888,35884458,0,0,-278863,0,-116591,879497,0,5374248,-4020201,-19554971
777,323196,6417465,0,0,0,-178859,-19851492,0,-13446497,0,5906509,0,3292488,0,-6147507,-9162476,0
778,322638,6413130,0,0,55994455,191305,0,0,9443598,-304055,0,0,-762846,0,-415221,0,-16053371
779,322050,6408268,0,0,0,-235761,0,0,0,0,5806367,0,3042392,-998568,0,0,-9533102
780,340418,6471668,0,0,-94491696,-399223,-11729102,0,0,-447670,18122607,0,0,308879,0,0,0
781,341647,6463908,0,0,27213536,0,29751178,0,0,-513495,-26375425,-173511,0,557655,2008591,-5924632,-15809962
782,342903,6456115,0,0,7747839,-234622,5069057,0,-9282332,3618406,5311693,-327225,0,392592,5306556,657611,-12374701
783,341187,6446100,0,0,95377584,-244589,0,-5289515,1974171,0,5150585,0,0,-1044253,0,2796879,-22659991
784,337377,6439683,35926994,0,229843597,-506046,0,0,3338594,-629672,0,0,0,320166,2702291,0,-11312529
785,332074,6433451,0,0,0,-1262133,0,0,4392245,254939,2084363,989959,-349393,0,3605266,0,13379922
786,346820,6511170,1561463,0,29405406,0,0,0,0,0,0,-83050,0,0,-2597393,0,1210890
787,335901,6521746,3608497,0,9629140,-141022,0,0,0,362937,0,0,0,0,0,0,-570701
788,323384,6534469,0,0,0,319805,-8427579,-1867820,0,0,0,-170324,71457,-108662,0,0,0
789,313744,6534426,8818682,0,0,-424559,0,0,0,0,0,-116599,0,0,0,199786,16453412
790,308367,6537560,0,0,0,-80743,0,4408361,0,0,0,0,0,0,884215,0,0
791,347985,6503166,-6472781,0,-57672834,774210,-10938560,2706993,0,0,0,-57912,1011975,0,0,-3369322,0
792,348550,6499243,0,0,105995541,227800,9697698,0,6918627,0,1508783,0,955165,368024,4886501,2899124,41377228
793,398620,6589939,0,0,-114935350,0,16985757,0,-10676007,0,0,0,-3642082,117342,2155134,-7977790,-29715118
794,397645,6585861,2330544,0,51779851,0,-2144009,0,0,-5919992,-33097595,0,-3083185,0,-626886,2862523,150235355
795,392752,6580879,0,0,181599886,-432853,0,-153548,0,1946903,0,-185252,-628690,0,-1546931,0,-145081795
796,388215,6572289,0,0,52186287,-269030,0,0,0,0,23009246,-376891,0,0,-3083418,-203425,3673002
797,386518,6562380,-10577986,0,0,0,0,0,-6308836,-2157740,6044252,-132852,0,-104197,2686115,-97867,-8957205
798,381114,6557339,12486465,0,0,-355733,-3995562,10142347,-2438552,0,0,-35820,687073,8129,-610712,0,10504532
799,380755,6556651,4401481,0,-93527427,0,0,-170297,0,-1096839,-6289126,-340528,0,0,-1840536,-604688,14724522
800,367959,6547498,0,0,0,-417920,-10183140,-3307358,3339579,2575671,2532368,0,0,25578,-821290,0,10342881
801,364511,6539251,0,0,79170555,-166299,0,-237752,16018203,0,0,175229,0,0,-1091937,0,0
802,359853,6528928,0,0,25788975,588082,0,0,-4730278,720623,2637764,0,0,68965,-213687,370298,0
803,355839,6516952,-13109329,0,0,436760,0,0,-4632813,0,0,101045,0,59566,0,0,33232975
804,353111,6509629,-33530266,0,0,109362,0,0,0,-3680606,-9779747,0,0,0,316340,0,2489282
805,349671,6501915,10465947,0,-45745861,-164521,0,0,0,0,-7705276,0,-1991424,96303,0,0,14502390
806,345779,6494109,-28739046,0,-185015360,340592,-36763245,0,2176413,-2488115,0,0,-2137981,0,-1956814,1053257,-22899410
807,341455,6486949,0,0,-114316690,0,0,0,0,1481889,0,29829,0,0,-1808988,0,21509388
808,341178,6479627,7601954,0,0,570916,0,0,0,2835129,0,352732,-2979456,0,0,-8076215,0
809,322869,6394565,0,0,0,10089,9981860,886975,-115640,0,0,3668,-752820,0,869333,0,0
810,328447,6394317,0,0,0,9613,0,429002,0,447677,-243732,0,-676218,-43,0,3099480,73336767
811,339267,6397358,0,0,0,-10095,5416837,0,0,239661,-157440,0,0,-21329,-1282627,2750771,25050772
812,348110,6398661,17429169,0,43530176,0,0,-171901,2657400,384889,0,74345,0,-122,0,0,-39695640
813,350843,6392987,0,0,0,508009,0,-1121984,0,-1437015,0,0,-275975,-17012,-883207,-2033091,-31607326
814,355055,6394294,0,0,0,172183,0,-274593,0,117744,0,0,0,-48,0,2664058,0
815,357876,6395340,-24833257,0,27184136,-15620,-3160956,0,-859676,0,0,-6141,-1235594,52369,3158243,0,29982148
816,368475,6398515,0,0,0,0,-2080310,0,0,1322055,0,102072,-820649,0,-468,0,0
817,332472,6469210,-20915056,0,0,0,7353726,0,0,0,0,0,0,0,0,0,-771842
818,319985,6472264,-74247103,0,0,0,0,0,0,2419581,20380768,0,0,-146822,0,4923418,0
819,343207,6473870,3342512,0,-10185858,0,-2623546,0,0,0,0,0,-221572,0,0,0,-3692727
820,347369,6471725,3719715,0,0,0,0,1039228,0,0,0,0,0,0,0,-29046,0
821,364503,6468292,0,0,1095632,-132018,361624,-1066778,0,0,-322411,-46705,0,0,0,0,0
822,377394,6464758,0,0,0,65419,0,0,0,0,0,0,0,0,0,79410,0
823,379809,6459592,-12182051,0,0,172434,329268,0,0,0,-369916,0,0,0,0,0,0
824,382272,6449271,0,0,0,0,0,0,0,0,-175557,47137,428404,0,0,0,0
825,384899,6428860,0,0,0,0,0,0,0,0,0,0,-50455,0,0,0,0
826,383342,6423803,0,0,0,0,0,0,0,0,0,0,0,0,0,0,0
827,382826,6419982,0,0,0,0,0,0,0,0,0,0,-56024,0,0,0,730195
828,382286,6417409,0,0,0,0,0,0,0,0,0,0,-25175,0,0,0,0
829,381736,6411237,-632504,0,0,0,0,0,0,0,0,0,0,0,0,0,-2315074
830,379942,6405683,0,0,0,0,0,0,0,0,0,0,0,0,0,0,948076
831,378002,6402754,0,0,0,0,0,0,0,0,0,0,0,0,0,0,0
832,377497,6400963,0,0,0,0,0,0,0,0,0,0,32684,0,0,0,-1323648
833,376764,6399456,0,0,-130248881,0,0,-8746988,-450423,0,0,80138,0,196657,-67114,0,18426525
834,371326,6389481,0,0,0,0,0,0,0,0,0,0,-2418523,0,0,0,0
835,367762,6381627,0,0,0,0,0,0,0,0,0,0,0,0,0,0,0
836,362043,6376013,0,0,0,0,0,0,0,0,0,0,-2689624,0,0,0,0
837,360272,6374815,0,0,0,0,0,0,0,0,0,0,0,0,0,0,0
838,359101,6374196,0,0,229860079,0,0,0,0,0,0,0,0,0,0,0,0
839,355956,6371922,0,0,0,0,0,0,0,0,0,0,0,0,0,0,0
840,351335,6367730,0,0,0,0,0,0,0,0,0,0,0,0,0,0,0
841,348250,6359575,0,0,0,0,0,0,0,0,0,0,0,0,0,0,0
842,340925,6351474,0,0,-61016408,0,0,0,0,0,0,0,5235186,0,0,0,0
843,339402,6350213,0,0,0,0,0,0,0,0,0,0,2076233,0,0,0,0
844,338237,6346233,-27841470,0,-68151563,0,0,0,0,0,0,0,0,0,0,0,0
845,336796,6339912,0,0,0,0,17927559,0,0,0,0,0,-2203272,0,0,0,0
846,401560,6603119,-34767885,0,0,0,0,8059869,0,0,0,0,0,0,4318560,0,0
847,400594,6605708,34767885,0,0,0,0,0,0,0,-15044550,0,0,0,0,-5896585,0
848,397621,6611211,2636054,0,0,0,0,0,0,0,0,0,0,0,0,0,0
849,396677,6615090,0,0,0,0,0,0,0,0,0,0,0,0,-4318560,4923418,0
850,395812,6622546,0,0,0,0,0,-8059869,0,0,-5336218,0,0,0,0,0,0
851,394571,6627698,0,0,0,0,0,0,0,0,0,0,0,0,0,0,0
852,394989,6630060,0,0,0,-408315,9007505,0,0,0,28580843,0,-1470852,0,0,0,0
853,395770,6633471,3530560,0,0,-408315,-9007505,0,0,0,-8200075,0,0,0,0,0,0
854,396262,6634543,0,0,0,816630,0,0,0,0,0,0,1470852,0,0,0,0
855,397857,6639284,0,0,0,0,0,0,0,0,0,0,0,0,0,-472066,0
856,397687,6641827,-13852829,0,0,0,0,0,0,0,0,0,0,0,0,0,0
857,396356,6648359,0,0,0,0,0,0,0,0,0,0,0,0,0,1961675,0
858,396189,6654649,0,0,0,0,0,0,0,0,0,0,0,0,0,0,0
859,394016,6659863,0,0,0,0,0,0,0,0,0,0,0,0,0,-516442,0
860,391035,6667492,0,0,0,0,0,0,0,0,0,0,0,0,0,0,0
861,389068,6668289,0,0,0,0,0,0,0,0,0,0,0,0,0,0,0
862,419114,6439790,2326852,0,-13269724,2020579,0,78862,0,0,0,-327442,1447539,-80,-4760,0,-1716133
863,427437,6428069,0,0,0,-21114,226602,0,0,2435244,0,0,0,0,0,7460335,0
864,433724,6419799,0,0,-1543594,-702884,0,0,0,0,0,799942,0,-1842,0,-10773657,-10532127
865,443967,6419884,0,0,-63562784,-30113,0,7761,0,-2608302,0,-2139,-39757,0,-14813,4099028,-12600718
866,445298,6418662,42972802,0,-16516595,-685607,-1509992,0,0,-1334802,0,-469651,0,5110,0,0,897361
867,448271,6413497,-12373635,0,0,-486,0,0,0,0,0,0,0,0,31286,1222315,0
868,450323,6405020,-3107843,0,0,-627027,-105216,0,8033027,261084,-474449,-44023,2260406,0,63970,824996,0
869,456278,6404718,0,0,0,3050206,0,0,10916974,-6893,0,941483,0,-82,-17485,1590388,-14547518
870,459870,6396091,-2641689,0,0,-34177,0,584311,0,113348,323464,2403,0,129,0,0,-1360062
871,468654,6395194,0,0,0,-785914,-899680,-1747804,0,103217,0,656634,0,-80,41319,1622250,0
872,470397,6396213,0,0,0,-49919,-242813,0,0,-5422705,-441184,0,-3208421,0,-4406817,0,12279402
873,474176,6394542,-932361,0,0,-1466249,0,0,-7900332,0,1816232,-1647336,0,0,2697321,-292928,-18818844
874,450807,6402743,-139071537,0,0,-819881,0,0,0,7287205,0,0,0,0,-9595415,0,-59110935
875,441733,6338545,0,0,53214797,0,0,0,0,216948,0,0,662731,3624,-1269869,-3741956,0
876,443411,6336955,0,0,23379431,408485,0,0,6386120,149772,23592249,-3354,0,-21554,0,-742458,8516053
877,449655,6330620,0,0,0,8069,3890769,0,307971,-519547,14179542,8165,0,0,0,-2412660,0
878,458158,6316083,0,0,-73791399,0,0,-512837,0,0,-18638897,0,0,0,-86514,-2520768,0
879,385085,6391514,-20023963,0,0,281849,8970577,0,-525322,0,0,0,0,-36934,620696,0,-44838408
880,390005,6389001,-49511806,0,0,0,0,-1646011,-13291286,0,-11524674,-8766,0,0,1044,-6704111,0
881,401424,6378024,70521893,0,-21702671,114989,0,-1288252,0,-955970,-6959377,-12265,332206,270195,0,-1277318,0
882,412680,6372024,0,0,45077286,144053,-26720004,-508863,0,-80531,0,0,285497,0,0,4113393,1462983
883,415715,6367583,-9934628,0,0,-153936,-2933612,0,0,-864613,-17915127,-3703,-3630409,58007,-721240,-6904972,0
884,423897,6358003,0,0,0,0,0,0,0,1779103,0,43069,0,-24638,0,-1573044,-89532936
885,432756,6352846,0,0,0,-209238,0,8284177,6505621,0,21462927,-2112,-3162505,0,-893704,0,0
886,447836,6399532,0,0,0,0,0,0,0,0,0,0,0,0,7243050,0,-90029146
887,447307,6396139,0,0,0,0,0,-32239476,0,0,0,0,0,0,10031189,0,0
888,445550,6393304,0,0,0,0,0,0,0,-7287205,0,0,0,0,-7678824,0,65105003
889,444563,6390570,139071537,0,0,0,0,32239476,0,0,0,0,0,0,0,0,84035078
890,475772,6386018,0,0,0,0,-3429362,0,0,0,0,0,0,0,714551,0,0
891,473265,6383320,0,0,0,0,-5490692,0,0,0,0,0,0,0,-524173,0,0
892,467732,6381857,0,0,0,0,0,0,0,0,0,0,0,0,1006126,0,0
893,456551,6374851,0,0,0,0,0,0,0,0,0,0,0,0,-839569,0,0
894,445400,6365443,0,0,0,0,0,0,0,0,0,0,0,0,0,0,37285021
895,445683,6356882,0,0,0,0,0,0,0,0,0,0,0,0,0,0,0
896,442923,6346622,0,0,0,0,0,0,0,0,0,0,0,0,0,0,0
897,404136,6336471,0,0,-69137602,-207500,0,4848515,0,-706624,0,0,1077568,0,0,0,0
898,400527,6332500,-15652648,0,18667117,-167717,0,0,0,792178,0,-239751,384041,0,0,0,-22429270
899,394862,6327263,-5262408,0,0,610490,0,0,2088695,0,0,239751,737529,0,0,0,22429270
900,385094,6321786,9787731,0,21445935,0,0,0,-1809908,0,0,0,-466133,0,0,0,0
901,384653,6319603,0,0,0,0,0,0,0,303750,0,0,0,0,0,0,0
902,383213,6314309,0,0,17410594,-2669301,0,0,0,0,0,0,-466381,-727005,-18026274,10020680,0
903,376174,6297681,0,0,0,2434028,53695224,-4848515,0,0,0,-1911778,0,0,0,4749573,0
904,507738,6464651,0,0,0,-1644510,-17172121,0,0,0,-56790067,-1063399,5483166,0,0,0,0
905,505626,6457138,0,0,302434372,0,0,12754033,0,-2110156,0,560017,0,0,0,-6125233,0
906,503153,6450190,-130492898,0,-435941671,-898835,-34203830,-7553964,-15053766,0,0,0,8206855,0,4730899,-8959356,0
907,498721,6444939,-20789290,0,0,-1748952,-6036293,9005415,-609860,0,16000076,-653156,0,491775,0,-2936635,23530954
908,498531,6432951,-65547916,0,-103983329,0,-19863887,0,0,-3821121,66478961,-974121,3175343,-268411,-15263455,0,-107957993
909,492021,6428562,-72476836,0,0,-537230,43396381,-23663820,8484365,2097626,0,0,0,169729,6756350,15846727,-49282111
910,489454,6421754,-41405296,0,-362862285,-2115885,-22468793,0,0,4105744,0,0,0,689302,0,-11525197,49121154
911,488357,6415038,-149076810,0,0,-616388,0,3113939,0,0,0,-515562,0,324389,13625944,-4847188,77570691
912,488831,6410627,0,0,160548397,-2067148,0,0,14109670,-2803049,-27405138,0,13182720,0,-2408619,51183228,-68815362
913,488152,6405097,0,0,172925277,961574,46785788,0,7751578,0,0,-202929,0,0,4209051,0,-27298374
914,481693,6396204,-89123356,0,0,-1270377,-106455890,0,0,3288047,0,0,-4657294,0,-6522949,0,63723657
915,481325,6393216,88754520,0,0,0,-22890745,0,-4635287,0,0,0,8369673,283440,-1546535,-7543355,-46585628
916,481879,6379414,0,0,-156874989,2003615,42628660,5954374,0,0,0,-393564,0,-325833,-5067389,-14339960,0
917,481711,6373766,25711617,0,0,1414584,0,0,-8702564,-2201632,0,0,4731803,0,4818576,0,0
918,481366,6370538,0,0,0,-4802588,-12471644,0,20098208,5030852,-13191735,-190212,5445821,236089,8281915,-6487196,-98741375
919,479904,6362288,0,0,143774199,-699566,0,0,-5530739,-439602,-22585652,-508002,0,0,-2086311,0,95580935
920,479775,6361765,0,0,0,919859,28164658,-5514942,15401840,0,0,0,-11389067,-456693,-270076,-4748912,0
921,475414,6351951,0,0,320907282,0,-25807819,-1434808,24221795,0,-9727485,-278341,-20042140,347399,-1644722,0,87115011
922,474817,6343087,0,0,276675064,-1089180,51613893,0,0,0,-37945826,-49526,0,0,-964140,13144502,0
923,474943,6336592,0,0,-88494809,1017057,0,-1042975,0,3241898,-17761590,749687,0,120023,-2133585,0,0
924,475126,6334142,0,0,-57529409,-1553212,0,0,0,0,21969097,654191,0,-189121,-5968717,0,-62020259
925,475762,6325262,0,0,0,-3226015,-16842494,-2251493,-7189165,-1463466,37595544,-357153,-3834877,-216152,-5997939,-8160030,95068156
926,474281,6317813,0,0,0,-1400215,-11363049,-924164,2438511,975010,11620423,0,0,0,15597917,-6577246,47990013
927,474408,6311060,-32590167,0,42314005,3090368,23427372,0,19184600,1073227,-27923074,-50614,8574283,715094,-67192,0,56194969
928,472966,6306122,-40005891,0,0,-996297,-25804994,0,-15014460,-3957142,0,723719,-11566315,0,-2088115,-11488417,0
929,469763,6299853,0,0,187329611,0,-22202989,0,-28087438,0,31940741,0,-2080596,0,-9133235,0,-41219260
930,466797,6293992,0,0,-87363599,-1753929,-42611746,-2255985,0,-1839378,0,0,0,0,-4211742,17948929,60730808
931,459575,6285062,0,0,0,660494,0,0,0,3071587,0,-1034859,-17544008,0,-2405119,0,-67726543
932,452225,6277147,-90815635,0,0,-510157,16906084,0,0,1014733,0,0,0,0,0,12711091,40039844
933,451500,6275500,220451251,0,0,-1382245,-13086139,-1994171,0,1896082,-33660240,0,10394793,-549798,-1524016,-9326073,-43834544
934,446929,6267626,0,0,187796689,-1385122,5784596,0,0,-3669327,-40179406,0,-15008335,-466663,0,-12223206,79979904
935,444465,6259294,0,0,-174876431,-3047550,123817737,-707824,0,-6334855,29055416,230141,3678056,193077,-1377990,18382470,-71596277
936,443473,6257393,62999833,0,0,-1266616,46105606,3121743,16316026,2063912,23815978,0,0,0,-2682221,0,-85132724
937,437982,6248958,0,0,0,0,0,8674052,0,-1930791,0,-344149,-3456358,540272,576054,-11915680,-71328032
938,434063,6238707,0,0,0,0,42011189,-3410402,-8640582,0,-105260107,-561264,-4700905,-721223,-2696755,-4809401,40293920
939,428706,6230693,144385796,0,0,0,50053091,1847828,0,-1057208,0,-156475,15199395,0,0,-10557098,35398574
940,481781,6389937,0,0,204394797,0,-10695165,0,-23993900,11637279,37137850,-758981,-8462253,0,0,0,0
941,478436,6303056,0,0,0,0,-2988605,0,0,0,0,0,357003,0,1242383,0,0
942,483966,6304473,-6665440,0,0,0,0,0,-1239530,0,0,0,0,0,-361689,0,3857537
943,488135,6303674,14768075,0,5836292,0,0,-675210,3200094,297957,0,-494485,0,0,-280117,1300693,0
944,498990,6297438,0,0,0,0,-3038775,-912208,0,0,0,0,464523,0,844366,0,-18788155
945,508528,6293598,0,0,0,0,-2895971,0,-721658,0,0,0,0,-46303,0,1180248,0
946,515810,6289650,-1575726,0,-42632014,-340281,0,-771448,-641959,0,0,0,0,0,-847355,0,1413346
947,532818,6276305,0,0,0,0,0,0,-1873515,0,0,0,1045965,0,2761961,0,20036970
948,555597,6289081,0,0,0,0,5490918,-2220740,-1685260,0,0,153630,0,-204753,-376190,250018,0
949,558152,6288570,-1369157,0,0,0,7459312,0,0,0,-3691829,66247,340878,-39912,-895447,0,0
950,581579,6281078,-14005679,0,0,-2803496,0,0,0,-462110,0,-577338,9698823,285356,-11041274,0,-53760811
951,489460,6382247,0,0,0,0,0,0,0,0,0,0,0,0,0,2272108,37285021
952,494643,6375393,0,0,0,0,0,0,0,0,0,0,0,0,0,-1768321,0
953,498519,6373549,0,0,0,0,0,0,0,0,0,-398547,0,0,0,-3155097,-37285021
954,501134,6371989,0,0,0,0,0,0,0,0,0,218334,0,0,0,2651310,0
955,504902,6364804,0,0,0,0,0,0,0,0,0,180213,0,0,0,0,0
956,489943,6391498,0,0,0,434432,4460027,78558,-124035,20352,-80307,-58989,0,0,-1410057,-997149,0
957,498534,6391276,-7909631,0,-317786,127542,0,0,-3028482,-35583,0,0,0,0,0,0,-15528872
958,507688,6389138,0,0,0,0,-4517830,0,0,0,158607,0,0,-396237,-741011,1856113,0
959,516428,6388847,-5384067,0,0,0,4265278,0,0,-639850,0,0,0,-122283,434260,3880563,0
960,520542,6387450,-5691685,0,0,0,0,0,0,0,143435,-59098,0,297196,-710954,-973501,0
961,524904,6388094,0,0,0,124449,-11496109,0,0,-484080,0,-98622,0,-87713,0,0,-141165
962,528363,6386249,-4773274,0,0,0,-54324,0,0,0,0,0,0,0,-580076,-4827257,-21027926
963,534966,6386111,-3783210,0,0,-634985,0,0,0,0,0,0,0,14380,1509553,2561714,6290094
964,543090,6379090,0,0,0,88693,4175661,-72882,38754,1116041,0,132881,26330,61372,-359277,0,4490574
965,544462,6378040,14415280,0,-164082,-1687,-10454219,2053468,0,0,0,-84023,0,61439,0,-1049425,0
966,545451,6377329,0,0,934964,160290,1947691,0,0,0,96020,0,0,0,-517185,0,0
967,550050,6373464,0,0,0,0,-47366,1905851,38159,0,0,0,-1853635,57720,833958,0,5081828
968,550787,6371794,9414966,0,-321518,0,0,0,0,0,0,121145,3685792,0,521139,0,0
969,549581,6361068,-6546957,0,0,0,0,0,3126146,-458096,0,62097,-1829235,59548,0,0,4206405
970,552728,6353608,0,0,0,0,4705312,-8059869,-3198057,-239776,0,82424,0,52081,0,-1903343,3677530
971,562413,6341963,0,0,1309764,99255,3868990,2294054,3100393,0,0,-97815,0,0,935303,1452285,10011082
972,587914,6347593,10258578,0,0,-383459,3105370,1806496,0,0,0,0,0,0,0,0,3255359
973,538591,6473480,0,0,0,0,0,0,0,0,0,0,682486,0,0,0,0
974,541905,6471174,0,0,0,387504,0,0,0,-2047034,0,0,0,0,0,0,0
975,542850,6465967,0,0,38208078,-242982,0,0,0,0,0,0,0,0,0,0,0
976,544162,6459088,0,0,30579004,222319,0,0,0,0,0,0,0,0,0,0,0
977,552595,6452003,-5768087,0,-30974226,-407889,0,0,0,1608309,0,0,0,0,0,0,0
978,553657,6451775,31100959,0,-28799192,0,0,0,0,0,0,0,0,0,0,0,0
979,557251,6452003,0,0,0,0,0,0,0,0,0,0,-3270147,0,0,0,0
980,558893,6451821,0,0,34021430,0,0,0,0,0,0,0,0,0,0,0,0
981,571068,6445338,-13024626,0,0,0,0,0,0,0,0,0,0,0,0,0,0
982,578118,6439472,-7879786,0,0,0,0,0,0,0,0,0,0,0,0,0,0
983,580576,6436009,0,0,-13597206,0,0,0,0,0,0,0,0,0,0,0,0
984,581269,6433909,0,0,0,0,0,0,0,0,0,0,0,0,0,0,0
985,578385,6427516,0,0,0,0,0,0,0,0,0,0,849660,0,0,0,0
986,581340,6423298,0,0,0,0,0,0,0,0,0,0,796792,0,0,0,0
987,583558,6418113,0,0,-29437888,-127293,0,0,0,0,0,0,0,0,0,0,0
988,587081,6410622,0,0,0,0,0,0,0,0,0,0,941209,0,0,0,0
989,597825,6402739,-4428460,0,0,-117749,0,0,0,0,0,0,0,0,0,0,0
990,452197,6259102,159850780,0,0,0,0,588198,0,0,-44344092,867150,-2959337,0,-537578,-987566,0
991,469316,6241939,-114597522,0,35678471,0,0,0,0,0,0,0,15048394,-639705,767579,0,0
992,470264,6237242,-45253258,0,0,0,0,0,0,0,52784304,0,8199634,691505,-575935,9769906,0
993,567614,6330232,0,0,-266773,-3778,-69335,-84538,0,0,-161526,0,14989,996,0,0,0
994,562137,6336316,0,0,-200738,0,319284,0,0,0,0,0,0,0,0,0,0
995,581886,6296735,12223085,0,0,0,0,0,0,0,0,-509910,0,-860803,0,0,0
996,580962,6316028,0,0,0,-4813,0,-20055221,0,0,0,1981835,-9096433,754851,0,0,92629972
997,587798,6322785,0,0,0,2525205,0,20055221,0,0,0,-991696,0,0,10728922,0,-38869161
998,376395,6157429,-15146442,0,-8993275,0,1658074,31420896,-3293040,0,0,0,0,-188892,0,19739437,0
999,378403,6167023,-120931873,0,500930242,-2946682,0,0,0,0,0,813701,12596339,2557346,-334036,-3222941,123085741
1000,377273,6165733,-143863442,0,-100824759,3877985,115473920,0,0,-27159044,0,0,0,0,-145008906,-15225190,-162024422
1001,376124,6164075,54528779,0,0,-112083,-14513236,-28258195,0,0,-11251081,0,0,-105797,-47619165,0,0
1002,375852,6159121,0,0,-21000571,-333925,0,13443373,0,0,0,0,0,-277367,0,0,0
1003,356429,6213321,0,0,0,0,0,0,0,0,0,-10577,64286,0,0,0,0
1004,423181,6224343,-111508431,0,0,0,0,0,58359078,1277553,48837261,0,0,1196753,-3671063,18160545,118166747
1005,421404,6215136,0,0,0,0,0,0,8275744,0,-50148017,-812238,10703141,-611235,20575176,-6919702,63237601
1006,417804,6210920,114896800,0,-50098999,-1315694,0,0,0,0,0,0,-10842511,0,-7197344,0,0
1007,414638,6207090,0,0,-97434536,0,48362797,2432677,5000715,5294556,0,0,2494753,0,0,-6375063,0
1008,408994,6200084,0,0,0,0,0,-3170580,0,0,0,-533955,0,236955,-680876,0,82953887
1009,399549,6196149,46235540,0,0,-890398,0,-3158649,8379728,-4372534,-32468019,0,3510961,692743,-2210185,-20138490,-45474373
1010,393873,6189313,104644597,0,0,5968475,-35496868,-9067041,0,0,0,-245813,0,318503,-710634,24299273,78539404
1011,392384,6185366,71301658,0,-31642256,5015593,-15368675,-6156332,23260749,-2859684,0,0,-12620153,-500740,7650401,-18149731,95905444
1012,389783,6182822,-83063421,0,-188046376,3173206,-9171150,0,-40441333,3088041,79615684,-443751,0,0,0,0,-120077080
1013,386970,6179686,52303702,0,-446036797,2461679,-8822840,-8351856,0,-6620627,41377521,813055,0,0,-10125860,-16242080,-66513979
1014,386346,6178411,0,0,0,-1578098,0,-5761435,0,5139574,0,0,0,-1707757,0,-22320579,0
1015,386054,6174988,0,0,-150403960,0,-8960904,0,-3383609,0,-42029232,-356834,0,0,-11533560,0,0
1016,384205,6172747,115193968,0,-45391668,4217797,-70967800,0,0,2246450,0,-920031,0,368604,0,0,0
1017,382788,6171351,0,0,0,-1173130,0,0,0,2796416,0,752248,3798082,197833,-9305393,18750178,0
1018,381344,6169925,113286335,0,-160863177,0,0,0,0,3498088,-24432063,977324,0,458458,0,0,-109363423
1019,380980,6169561,-140186844,0,-36172379,1000751,0,0,0,-7187849,0,-107844,0,494278,0,-4971335,0
1020,379179,6167787,-84447889,0,-69431836,-820993,45518179,2329017,-42620506,0,0,-234396,0,-415504,24399183,-5843946,161510751
1021,380367,6151119,3988802,0,34360587,0,0,0,24757313,0,0,-557343,-14251554,20907,1313679,-2388056,0
1022,382054,6148054,7191220,0,0,0,-1897750,5854724,-13286567,0,0,806491,5672357,88948,0,1787500,0
1023,383138,6141983,0,0,8293490,0,11217386,0,0,25738,0,-22192,9391005,0,1736216,0,0
1024,384319,6137360,12863316,0,-7644684,0,0,-31420896,-11470746,0,927917,0,-76095,0,-479858,-7832407,0
1025,367921,6159727,0,0,0,-260475,12318207,0,0,-25675499,31090595,-166948,2752200,89439,27340626,5969419,-22224146
1026,373395,6157521,0,0,0,0,0,0,0,0,-43867732,0,0,189524,96956385,0,0
1027,363158,6231493,0,0,0,0,0,0,0,-29761,0,18283,0,10520,0,0,0
1028,361972,6224432,0,0,0,0,0,0,0,-15236,0,0,-134874,15285,0,-673124,0
1029,359761,6220025,0,0,0,0,0,0,0,-24367,0,0,0,0,0,0,0
1030,357508,6216853,0,0,0,0,0,0,0,0,0,0,0,15637,0,0,0
1031,374013,6214203,344125,0,-8088389,0,0,7272773,0,0,0,0,0,-240254,2473793,0,14087076
1032,380446,6207369,16174154,0,24114388,-105913,0,0,0,0,17136324,0,0,0,0,0,0
1033,379032,6177008,0,0,0,-59675,-36661091,0,0,536379,-15052342,0,13352683,-1602753,-3638653,-6173375,0
1034,378666,6167855,-44903976,0,0,5009207,0,0,-27411654,2486146,0,0,0,-674168,14437764,0,0
1035,363326,6207027,0,0,0,-5600563,4119984,0,0,13835453,7946161,-1720289,5801345,375906,0,-4723810,0
1036,366559,6204117,76326371,0,0,348851,-37112257,0,0,295221,0,-1081624,0,0,0,10154548,50733860
1037,371753,6199903,-31422395,0,335298064,-3596418,0,0,-13544582,0,0,0,5889137,0,4519357,-8185715,0
1038,374640,6194958,0,0,146869366,0,0,-34789669,27092480,-1187858,12434607,2570314,-10023029,0,-8373190,0,0
1039,380020,6193332,0,0,-301494495,0,-20149570,0,29095209,0,0,124402,-20813437,0,-6762259,0,3993872
1040,396105,6264736,25664667,0,-52853441,-33654,0,0,0,0,6615207,130986,373512,0,-1803279,0,18323617
1041,413353,6258122,4646242,0,0,0,0,0,-6150987,0,0,-60437,268585,-150835,0,1020999,5389254
1042,419790,6239437,-20227290,0,45301844,-316179,0,0,-4177966,0,-10185187,0,1023262,0,0,1030613,0
1043,379073,6271363,0,0,28803141,-265064,0,-1513305,4412403,0,0,552770,0,256012,-2017819,0,0
1044,419000,6225730,-2553972,0,80225775,0,-5914700,0,5496197,0,18431303,0,0,20787,-927284,0,0
1045,412950,6224732,-14148917,0,80326762,542878,-1683523,-633292,0,-1332226,7713891,-21177,5512461,0,1194320,3691572,0
1046,407281,6223135,54936145,0,-23597350,179119,1773199,13310358,1954911,0,-3763325,0,-746655,-86744,655416,0,1066620
1047,400480,6222416,-6528838,0,-106072004,0,0,0,0,233160,-11759307,0,0,187411,1239986,0,-24522568
1048,398263,6222197,0,0,-104968675,-349678,13383552,-7495829,0,-1047812,0,377832,0,0,0,-1935953,0
1049,393466,6222146,0,0,0,365546,0,-2403100,0,0,-12582463,293220,2113458,25176,-4853654,0,-30582290
1050,383776,6222200,0,0,-163069002,-737344,0,0,0,0,0,0,-4163517,-52198,7255994,17388949,6369600
1051,378583,6223070,-5001156,0,0,0,0,0,0,0,0,-258541,0,43049,0,-3796701,15318644
1052,374692,6223310,0,0,0,586636,0,-2602033,0,0,0,0,4211991,0,-1381107,0,10761390
1053,372666,6222807,0,0,0,0,-11693961,0,0,457672,-28897769,0,0,0,3125137,-7005420,-83727150
1054,370007,6217236,-12537195,0,141485856,0,0,626387,0,-1483781,41130956,371571,-3280335,0,-6610466,0,21598848
1055,367582,6214279,-8071974,0,0,1027815,0,-4848229,952134,1684185,-15249062,0,-8756802,2106,1387563,0,20370485
1056,363978,6211486,-13688689,0,156522952,7104,0,11900238,1171293,1021249,0,-315032,4564256,0,0,0,0
1057,365268,6193751,0,0,0,0,0,0,0,0,0,0,0,0,0,0,-18409076
1058,365963,6194698,0,0,0,0,0,0,0,0,0,0,-3655710,0,0,0,0
1059,369354,6192560,0,0,0,0,0,0,0,0,0,0,0,198064,0,4923418,0
1060,376765,6188129,0,0,-55624279,0,22387586,0,0,0,0,0,0,0,0,0,37285021
1061,381594,6184822,0,0,0,1017459,0,34789669,0,-626245,-32190220,398547,7418993,0,-4318560,0,-22324288
1062,428453,6221947,-10092764,0,-10301276,0,0,-1371018,0,-1849210,0,208530,0,0,-2808717,0,0
1063,432611,6218286,6678266,0,-12664789,0,-5489825,-2912349,0,1017331,-5982620,0,0,0,-562357,0,0
1064,438784,6213938,0,0,0,0,-4245779,0,-3067845,-476196,-636899,-93564,0,0,0,172280,0
1065,447476,6210985,0,0,-30014672,512096,0,0,-12830814,915851,-3486297,374836,0,394766,0,-2289102,0
1066,443597,6210983,0,0,0,-166288,0,0,-9633303,0,10237854,-504743,0,0,-2257801,0,17359476
1067,447084,6209991,4183657,0,0,0,-7525110,8059869,0,2016427,-4761568,0,0,-428305,6908750,0,0
1068,456270,6210914,0,0,0,59935,10747111,-5392492,-460911,-294160,0,641237,0,192082,0,0,0
1069,467726,6213676,-8118767,0,0,228535,0,-3572363,0,0,0,146908,0,-231196,0,0,0
1070,474033,6211661,0,0,0,59834,5327678,9178263,13315379,0,0,-772184,0,-195517,3053229,0,0
1071,477302,6224338,12156247,0,36364584,-149555,0,-737021,0,-1143493,0,0,0,-44404,-552378,0,-7427876
1072,484046,6226906,-1361980,0,111338476,-84334,-2115432,0,0,0,0,0,0,0,-2040904,-603520,-3935984
1073,486387,6225796,0,0,0,0,0,2763330,0,0,-100391203,0,0,-722269,1407853,0,16886071
1074,491705,6225803,3259490,0,-12309649,-737344,-2809793,0,-2014151,0,109897218,0,0,722269,-290564,0,-8451166
1075,379876,6156714,0,0,0,0,0,0,8878371,0,0,0,0,0,0,0,0
1076,388343,6152619,0,0,0,0,0,0,-24114296,0,0,0,0,0,0,0,0
1077,396620,6150716,0,0,0,0,0,0,0,0,0,0,-4066690,0,0,0,0
1078,405082,6149256,0,0,0,0,0,0,0,-808719,0,0,0,0,0,0,0
1079,410778,6148471,0,0,0,0,0,14257300,0,0,0,0,0,0,0,0,0
1080,415957,6147780,0,0,0,0,0,0,0,0,0,0,4801348,0,0,0,-50445999
1081,417429,6147235,0,0,0,0,0,0,-4444758,-930933,0,0,-2117336,0,0,0,46848029
1082,418865,6143229,0,0,0,0,0,0,7742270,0,0,0,0,0,0,0,0
1083,425669,6142978,0,0,0,0,0,0,0,0,0,0,0,0,0,0,0
1084,358159,6163925,55840176,0,0,0,8490338,0,0,38820481,0,0,3778080,-114363,63388917,0,18699827
1085,607805,6803292,-297073,0,0,243409,6598986,0,0,0,0,0,0,107930,446725,0,-4862284
